item_id	gen_s	verify_s
unknown_fact_t2_01	9.071	8.957
unknown_fact_t2_02	9.164	8.989
unknown_fact_t2_03	8.923	8.794
unknown_fact_t2_04	8.693	8.757
unknown_fact_t2_05	8.767	8.715
unknown_fact_t2_06	8.662	8.440
unknown_fact_t2_07	9.029	8.986
unknown_fact_t2_08	9.270	8.786
unknown_fact_t2_09	8.907	9.021
unknown_fact_t2_10	9.041	9.056
unknown_fact_t2_11	8.743	8.659
unknown_fact_t2_12	8.675	8.812
unknown_fact_t2_13	8.795	8.772
unknown_fact_t2_14	8.865	9.003
unknown_fact_t2_15	8.656	8.863
unknown_fact_t2_16	8.779	8.737
unknown_fact_t2_17	8.876	9.034
unknown_fact_t2_18	9.378	9.558
unknown_fact_t2_19	9.000	8.876
unknown_fact_t2_20	8.725	8.778
unknown_fact_t2_21	9.047	9.395
unknown_fact_t2_22	8.955	9.044
unknown_fact_t2_23	9.197	9.030
unknown_fact_t2_24	8.833	8.939
unknown_fact_t2_25	8.868	8.989
unknown_fact_t2_26	9.101	8.876
unknown_fact_t2_27	9.013	8.945
unknown_fact_t2_28	8.680	8.706
unknown_fact_t2_29	9.035	9.271
unknown_fact_t2_30	9.279	9.093
distractor_t2_01	8.865	8.710
distractor_t2_02	8.749	8.717
distractor_t2_03	8.901	8.709
distractor_t2_04	8.638	9.008
distractor_t2_05	8.828	8.939
distractor_t2_06	9.185	8.752
distractor_t2_07	8.610	8.767
distractor_t2_08	8.763	8.595
distractor_t2_09	8.406	8.679
distractor_t2_10	8.519	8.687
distractor_t2_11	8.671	8.817
distractor_t2_12	8.768	8.688
distractor_t2_13	8.675	8.591
distractor_t2_14	8.801	9.171
distractor_t2_15	8.878	9.013
distractor_t2_16	9.353	9.763
distractor_t2_17	9.688	9.271
distractor_t2_18	9.325	8.980
distractor_t2_19	8.807	9.273
distractor_t2_20	8.919	8.925
distractor_t2_21	8.985	9.102
distractor_t2_22	9.440	9.801
distractor_t2_23	8.959	8.845
distractor_t2_24	8.760	8.748
distractor_t2_25	8.865	8.660
distractor_t2_26	8.754	8.724
distractor_t2_27	8.830	8.724
distractor_t2_28	8.657	8.581
distractor_t2_29	8.609	9.067
distractor_t2_30	8.942	8.889
