group	name	mode	exit	verdict	panic	stdout_last	expected
qemu_receipt	qemu_abstain/RECEIPT.TXT	default	0	ACCEPT	0	VERIFY PASS — replay reproduced 25 tokens, the token digest, and the full logit chain bit-for-bit	PASS
qemu_receipt	qemu_abstain/RECEIPT.TXT	strict	0	ACCEPT	0	VERIFY PASS — replay reproduced 25 tokens, the token digest, and the full logit chain bit-for-bit	PASS
qemu_receipt	qemu_calc/RECEIPT.TXT	default	0	ACCEPT	0	VERIFY PASS — replay reproduced 9 tokens, the token digest, and the full logit chain bit-for-bit	PASS
qemu_receipt	qemu_calc/RECEIPT.TXT	strict	0	ACCEPT	0	VERIFY PASS — replay reproduced 9 tokens, the token digest, and the full logit chain bit-for-bit	PASS
qemu_receipt	qemu_calc/RECEIPT2.TXT	default	0	ACCEPT	0	VERIFY PASS — replay reproduced 9 tokens, the token digest, and the full logit chain bit-for-bit	PASS
qemu_receipt	qemu_calc/RECEIPT2.TXT	strict	0	ACCEPT	0	VERIFY PASS — replay reproduced 9 tokens, the token digest, and the full logit chain bit-for-bit	PASS
qemu_receipt	qemu_calc_words/RECEIPT.TXT	default	0	ACCEPT	0	VERIFY PASS — replay reproduced 8 tokens, the token digest, and the full logit chain bit-for-bit	PASS
qemu_receipt	qemu_calc_words/RECEIPT.TXT	strict	0	ACCEPT	0	VERIFY PASS — replay reproduced 8 tokens, the token digest, and the full logit chain bit-for-bit	PASS
qemu_receipt	qemu_calc_words/RECEIPT2.TXT	default	0	ACCEPT	0	VERIFY PASS — replay reproduced 7 tokens, the token digest, and the full logit chain bit-for-bit	PASS
qemu_receipt	qemu_calc_words/RECEIPT2.TXT	strict	0	ACCEPT	0	VERIFY PASS — replay reproduced 7 tokens, the token digest, and the full logit chain bit-for-bit	PASS
qemu_receipt	qemu_everyday/RECEIPT.TXT	default	0	ACCEPT	0	VERIFY PASS — replay reproduced 3 tokens, the token digest, and the full logit chain bit-for-bit	PASS
qemu_receipt	qemu_everyday/RECEIPT.TXT	strict	0	ACCEPT	0	VERIFY PASS — replay reproduced 3 tokens, the token digest, and the full logit chain bit-for-bit	PASS
qemu_receipt	qemu_lookup/RECEIPT.TXT	default	0	ACCEPT	0	VERIFY PASS — replay reproduced 7 tokens, the token digest, and the full logit chain bit-for-bit	PASS
qemu_receipt	qemu_lookup/RECEIPT.TXT	strict	0	ACCEPT	0	VERIFY PASS — replay reproduced 7 tokens, the token digest, and the full logit chain bit-for-bit	PASS
qemu_receipt	qemu_lookup/RECEIPT2.TXT	default	0	ACCEPT	0	VERIFY PASS — replay reproduced 23 tokens, the token digest, and the full logit chain bit-for-bit	PASS
qemu_receipt	qemu_lookup/RECEIPT2.TXT	strict	0	ACCEPT	0	VERIFY PASS — replay reproduced 23 tokens, the token digest, and the full logit chain bit-for-bit	PASS
qemu_receipt	qemu_receipt/RECEIPT.TXT	default	0	ACCEPT	0	VERIFY PASS — replay reproduced 50 tokens, the token digest, and the full logit chain bit-for-bit	PASS
qemu_receipt	qemu_receipt/RECEIPT.TXT	strict	0	ACCEPT	0	VERIFY PASS — replay reproduced 50 tokens, the token digest, and the full logit chain bit-for-bit	PASS
qemu_receipt	qemu_self/RECEIPT.TXT	default	0	ACCEPT	0	VERIFY PASS — replay reproduced 30 tokens, the token digest, and the full logit chain bit-for-bit	PASS
qemu_receipt	qemu_self/RECEIPT.TXT	strict	0	ACCEPT	0	VERIFY PASS — replay reproduced 30 tokens, the token digest, and the full logit chain bit-for-bit	PASS
qemu_receipt	qemu_unknown_tool/RECEIPT.TXT	default	0	ACCEPT	0	VERIFY PASS — replay reproduced 35 tokens, the token digest, and the full logit chain bit-for-bit	PASS
qemu_receipt	qemu_unknown_tool/RECEIPT.TXT	strict	0	ACCEPT	0	VERIFY PASS — replay reproduced 35 tokens, the token digest, and the full logit chain bit-for-bit	PASS
golden	witness_v1_m7_once64.receipt (m7 artifacts)	default	0	ACCEPT	0	VERIFY PASS — replay reproduced 64 tokens, the token digest, and the full logit chain bit-for-bit	PASS
golden	witness_v1_m7_once64.receipt (m7 artifacts)	strict	0	ACCEPT	0	VERIFY PASS — replay reproduced 64 tokens, the token digest, and the full logit chain bit-for-bit	PASS
golden_format_only	witness_v1_bitnet2b_once64.receipt (artifacts not on this host; op12k artifacts given)	default	1	REJECT_CLEAN	0	FAIL artifact: VOCAB hash mismatch (receipt 5bde1b0355ef99c6 vs local a4cafc9649488987)	PARSE_OK_THEN_ARTIFACT_MISMATCH
golden_format_only	witness_v1_bitnet2b_once64.receipt (artifacts not on this host; op12k artifacts given)	strict	1	REJECT_CLEAN	0	FAIL artifact: VOCAB hash mismatch (receipt 5bde1b0355ef99c6 vs local a4cafc9649488987)	PARSE_OK_THEN_ARTIFACT_MISMATCH
golden_format_only	witness_v1_e16_qat_once64.receipt (artifacts not on this host; op12k artifacts given)	default	1	REJECT_CLEAN	0	FAIL artifact: VOCAB hash mismatch (receipt c4c0957c8f036b2b vs local a4cafc9649488987)	PARSE_OK_THEN_ARTIFACT_MISMATCH
golden_format_only	witness_v1_e16_qat_once64.receipt (artifacts not on this host; op12k artifacts given)	strict	1	REJECT_CLEAN	0	FAIL artifact: VOCAB hash mismatch (receipt c4c0957c8f036b2b vs local a4cafc9649488987)	PARSE_OK_THEN_ARTIFACT_MISMATCH
golden_format_only	witness_v1_e16_qat_pruned_once64.receipt (artifacts not on this host; op12k artifacts given)	default	1	REJECT_CLEAN	0	FAIL artifact: VOCAB hash mismatch (receipt 5bde1b0355ef99c6 vs local a4cafc9649488987)	PARSE_OK_THEN_ARTIFACT_MISMATCH
golden_format_only	witness_v1_e16_qat_pruned_once64.receipt (artifacts not on this host; op12k artifacts given)	strict	1	REJECT_CLEAN	0	FAIL artifact: VOCAB hash mismatch (receipt 5bde1b0355ef99c6 vs local a4cafc9649488987)	PARSE_OK_THEN_ARTIFACT_MISMATCH
golden_format_only	witness_v1_falcon_e_1b_once64.receipt (artifacts not on this host; op12k artifacts given)	default	1	REJECT_CLEAN	0	FAIL artifact: VOCAB hash mismatch (receipt e8f860844bc1a075 vs local a4cafc9649488987)	PARSE_OK_THEN_ARTIFACT_MISMATCH
golden_format_only	witness_v1_falcon_e_1b_once64.receipt (artifacts not on this host; op12k artifacts given)	strict	1	REJECT_CLEAN	0	FAIL artifact: VOCAB hash mismatch (receipt e8f860844bc1a075 vs local a4cafc9649488987)	PARSE_OK_THEN_ARTIFACT_MISMATCH
h2_self_receipt	orig_00/self	default	0	ACCEPT	0	VERIFY PASS — replay reproduced 16 tokens, the token digest, and the full logit chain bit-for-bit	PASS
h2_self_receipt	orig_00/self	strict	0	ACCEPT	0	VERIFY PASS — replay reproduced 16 tokens, the token digest, and the full logit chain bit-for-bit	PASS
h2_self_receipt	orig_00/calc	default	0	ACCEPT	0	VERIFY PASS — replay reproduced 16 tokens, the token digest, and the full logit chain bit-for-bit	PASS
h2_self_receipt	orig_00/calc	strict	0	ACCEPT	0	VERIFY PASS — replay reproduced 16 tokens, the token digest, and the full logit chain bit-for-bit	PASS
h2_self_receipt	orig_00/lookup	default	0	ACCEPT	0	VERIFY PASS — replay reproduced 16 tokens, the token digest, and the full logit chain bit-for-bit	PASS
h2_self_receipt	orig_00/lookup	strict	0	ACCEPT	0	VERIFY PASS — replay reproduced 16 tokens, the token digest, and the full logit chain bit-for-bit	PASS
h2_self_receipt	orig_00/abstain	default	0	ACCEPT	0	VERIFY PASS — replay reproduced 16 tokens, the token digest, and the full logit chain bit-for-bit	PASS
h2_self_receipt	orig_00/abstain	strict	0	ACCEPT	0	VERIFY PASS — replay reproduced 16 tokens, the token digest, and the full logit chain bit-for-bit	PASS
h2_self_receipt	byte_00/self	default	0	ACCEPT	0	VERIFY PASS — replay reproduced 16 tokens, the token digest, and the full logit chain bit-for-bit	PASS
h2_self_receipt	byte_00/self	strict	0	ACCEPT	0	VERIFY PASS — replay reproduced 16 tokens, the token digest, and the full logit chain bit-for-bit	PASS
h2_self_receipt	byte_00/calc	default	0	ACCEPT	0	VERIFY PASS — replay reproduced 16 tokens, the token digest, and the full logit chain bit-for-bit	PASS
h2_self_receipt	byte_00/calc	strict	0	ACCEPT	0	VERIFY PASS — replay reproduced 16 tokens, the token digest, and the full logit chain bit-for-bit	PASS
h2_self_receipt	byte_00/lookup	default	0	ACCEPT	0	VERIFY PASS — replay reproduced 16 tokens, the token digest, and the full logit chain bit-for-bit	PASS
h2_self_receipt	byte_00/lookup	strict	0	ACCEPT	0	VERIFY PASS — replay reproduced 16 tokens, the token digest, and the full logit chain bit-for-bit	PASS
h2_self_receipt	byte_00/abstain	default	0	ACCEPT	0	VERIFY PASS — replay reproduced 16 tokens, the token digest, and the full logit chain bit-for-bit	PASS
h2_self_receipt	byte_00/abstain	strict	0	ACCEPT	0	VERIFY PASS — replay reproduced 16 tokens, the token digest, and the full logit chain bit-for-bit	PASS
h2_self_receipt	byte_01/self	default	0	ACCEPT	0	VERIFY PASS — replay reproduced 16 tokens, the token digest, and the full logit chain bit-for-bit	PASS
h2_self_receipt	byte_01/self	strict	0	ACCEPT	0	VERIFY PASS — replay reproduced 16 tokens, the token digest, and the full logit chain bit-for-bit	PASS
h2_self_receipt	byte_01/calc	default	0	ACCEPT	0	VERIFY PASS — replay reproduced 16 tokens, the token digest, and the full logit chain bit-for-bit	PASS
h2_self_receipt	byte_01/calc	strict	0	ACCEPT	0	VERIFY PASS — replay reproduced 16 tokens, the token digest, and the full logit chain bit-for-bit	PASS
h2_self_receipt	byte_01/lookup	default	0	ACCEPT	0	VERIFY PASS — replay reproduced 16 tokens, the token digest, and the full logit chain bit-for-bit	PASS
h2_self_receipt	byte_01/lookup	strict	0	ACCEPT	0	VERIFY PASS — replay reproduced 16 tokens, the token digest, and the full logit chain bit-for-bit	PASS
h2_self_receipt	byte_01/abstain	default	0	ACCEPT	0	VERIFY PASS — replay reproduced 16 tokens, the token digest, and the full logit chain bit-for-bit	PASS
h2_self_receipt	byte_01/abstain	strict	0	ACCEPT	0	VERIFY PASS — replay reproduced 16 tokens, the token digest, and the full logit chain bit-for-bit	PASS
h2_self_receipt	byte_02/self	default	0	ACCEPT	0	VERIFY PASS — replay reproduced 16 tokens, the token digest, and the full logit chain bit-for-bit	PASS
h2_self_receipt	byte_02/self	strict	0	ACCEPT	0	VERIFY PASS — replay reproduced 16 tokens, the token digest, and the full logit chain bit-for-bit	PASS
h2_self_receipt	byte_02/calc	default	0	ACCEPT	0	VERIFY PASS — replay reproduced 16 tokens, the token digest, and the full logit chain bit-for-bit	PASS
h2_self_receipt	byte_02/calc	strict	0	ACCEPT	0	VERIFY PASS — replay reproduced 16 tokens, the token digest, and the full logit chain bit-for-bit	PASS
h2_self_receipt	byte_02/lookup	default	0	ACCEPT	0	VERIFY PASS — replay reproduced 16 tokens, the token digest, and the full logit chain bit-for-bit	PASS
h2_self_receipt	byte_02/lookup	strict	0	ACCEPT	0	VERIFY PASS — replay reproduced 16 tokens, the token digest, and the full logit chain bit-for-bit	PASS
h2_self_receipt	byte_02/abstain	default	0	ACCEPT	0	VERIFY PASS — replay reproduced 16 tokens, the token digest, and the full logit chain bit-for-bit	PASS
h2_self_receipt	byte_02/abstain	strict	0	ACCEPT	0	VERIFY PASS — replay reproduced 16 tokens, the token digest, and the full logit chain bit-for-bit	PASS
h2_self_receipt	byte_03/self	default	0	ACCEPT	0	VERIFY PASS — replay reproduced 16 tokens, the token digest, and the full logit chain bit-for-bit	PASS
h2_self_receipt	byte_03/self	strict	0	ACCEPT	0	VERIFY PASS — replay reproduced 16 tokens, the token digest, and the full logit chain bit-for-bit	PASS
h2_self_receipt	byte_03/calc	default	0	ACCEPT	0	VERIFY PASS — replay reproduced 16 tokens, the token digest, and the full logit chain bit-for-bit	PASS
h2_self_receipt	byte_03/calc	strict	0	ACCEPT	0	VERIFY PASS — replay reproduced 16 tokens, the token digest, and the full logit chain bit-for-bit	PASS
h2_self_receipt	byte_03/lookup	default	0	ACCEPT	0	VERIFY PASS — replay reproduced 16 tokens, the token digest, and the full logit chain bit-for-bit	PASS
h2_self_receipt	byte_03/lookup	strict	0	ACCEPT	0	VERIFY PASS — replay reproduced 16 tokens, the token digest, and the full logit chain bit-for-bit	PASS
h2_self_receipt	byte_03/abstain	default	0	ACCEPT	0	VERIFY PASS — replay reproduced 16 tokens, the token digest, and the full logit chain bit-for-bit	PASS
h2_self_receipt	byte_03/abstain	strict	0	ACCEPT	0	VERIFY PASS — replay reproduced 16 tokens, the token digest, and the full logit chain bit-for-bit	PASS
h2_self_receipt	byte_04/self	default	0	ACCEPT	0	VERIFY PASS — replay reproduced 16 tokens, the token digest, and the full logit chain bit-for-bit	PASS
h2_self_receipt	byte_04/self	strict	0	ACCEPT	0	VERIFY PASS — replay reproduced 16 tokens, the token digest, and the full logit chain bit-for-bit	PASS
h2_self_receipt	byte_04/calc	default	0	ACCEPT	0	VERIFY PASS — replay reproduced 16 tokens, the token digest, and the full logit chain bit-for-bit	PASS
h2_self_receipt	byte_04/calc	strict	0	ACCEPT	0	VERIFY PASS — replay reproduced 16 tokens, the token digest, and the full logit chain bit-for-bit	PASS
h2_self_receipt	byte_04/lookup	default	0	ACCEPT	0	VERIFY PASS — replay reproduced 16 tokens, the token digest, and the full logit chain bit-for-bit	PASS
h2_self_receipt	byte_04/lookup	strict	0	ACCEPT	0	VERIFY PASS — replay reproduced 16 tokens, the token digest, and the full logit chain bit-for-bit	PASS
h2_self_receipt	byte_04/abstain	default	0	ACCEPT	0	VERIFY PASS — replay reproduced 16 tokens, the token digest, and the full logit chain bit-for-bit	PASS
h2_self_receipt	byte_04/abstain	strict	0	ACCEPT	0	VERIFY PASS — replay reproduced 16 tokens, the token digest, and the full logit chain bit-for-bit	PASS
h2_self_receipt	byte_05/self	default	0	ACCEPT	0	VERIFY PASS — replay reproduced 16 tokens, the token digest, and the full logit chain bit-for-bit	PASS
h2_self_receipt	byte_05/self	strict	0	ACCEPT	0	VERIFY PASS — replay reproduced 16 tokens, the token digest, and the full logit chain bit-for-bit	PASS
h2_self_receipt	byte_05/calc	default	0	ACCEPT	0	VERIFY PASS — replay reproduced 16 tokens, the token digest, and the full logit chain bit-for-bit	PASS
h2_self_receipt	byte_05/calc	strict	0	ACCEPT	0	VERIFY PASS — replay reproduced 16 tokens, the token digest, and the full logit chain bit-for-bit	PASS
h2_self_receipt	byte_05/lookup	default	0	ACCEPT	0	VERIFY PASS — replay reproduced 16 tokens, the token digest, and the full logit chain bit-for-bit	PASS
h2_self_receipt	byte_05/lookup	strict	0	ACCEPT	0	VERIFY PASS — replay reproduced 16 tokens, the token digest, and the full logit chain bit-for-bit	PASS
h2_self_receipt	byte_05/abstain	default	0	ACCEPT	0	VERIFY PASS — replay reproduced 16 tokens, the token digest, and the full logit chain bit-for-bit	PASS
h2_self_receipt	byte_05/abstain	strict	0	ACCEPT	0	VERIFY PASS — replay reproduced 16 tokens, the token digest, and the full logit chain bit-for-bit	PASS
h2_self_receipt	byte_06/self	default	0	ACCEPT	0	VERIFY PASS — replay reproduced 16 tokens, the token digest, and the full logit chain bit-for-bit	PASS
h2_self_receipt	byte_06/self	strict	0	ACCEPT	0	VERIFY PASS — replay reproduced 16 tokens, the token digest, and the full logit chain bit-for-bit	PASS
h2_self_receipt	byte_06/calc	default	0	ACCEPT	0	VERIFY PASS — replay reproduced 16 tokens, the token digest, and the full logit chain bit-for-bit	PASS
h2_self_receipt	byte_06/calc	strict	0	ACCEPT	0	VERIFY PASS — replay reproduced 16 tokens, the token digest, and the full logit chain bit-for-bit	PASS
h2_self_receipt	byte_06/lookup	default	0	ACCEPT	0	VERIFY PASS — replay reproduced 16 tokens, the token digest, and the full logit chain bit-for-bit	PASS
h2_self_receipt	byte_06/lookup	strict	0	ACCEPT	0	VERIFY PASS — replay reproduced 16 tokens, the token digest, and the full logit chain bit-for-bit	PASS
h2_self_receipt	byte_06/abstain	default	0	ACCEPT	0	VERIFY PASS — replay reproduced 16 tokens, the token digest, and the full logit chain bit-for-bit	PASS
h2_self_receipt	byte_06/abstain	strict	0	ACCEPT	0	VERIFY PASS — replay reproduced 16 tokens, the token digest, and the full logit chain bit-for-bit	PASS
h2_self_receipt	byte_07/self	default	0	ACCEPT	0	VERIFY PASS — replay reproduced 16 tokens, the token digest, and the full logit chain bit-for-bit	PASS
h2_self_receipt	byte_07/self	strict	0	ACCEPT	0	VERIFY PASS — replay reproduced 16 tokens, the token digest, and the full logit chain bit-for-bit	PASS
h2_self_receipt	byte_07/calc	default	0	ACCEPT	0	VERIFY PASS — replay reproduced 16 tokens, the token digest, and the full logit chain bit-for-bit	PASS
h2_self_receipt	byte_07/calc	strict	0	ACCEPT	0	VERIFY PASS — replay reproduced 16 tokens, the token digest, and the full logit chain bit-for-bit	PASS
h2_self_receipt	byte_07/lookup	default	0	ACCEPT	0	VERIFY PASS — replay reproduced 16 tokens, the token digest, and the full logit chain bit-for-bit	PASS
h2_self_receipt	byte_07/lookup	strict	0	ACCEPT	0	VERIFY PASS — replay reproduced 16 tokens, the token digest, and the full logit chain bit-for-bit	PASS
h2_self_receipt	byte_07/abstain	default	0	ACCEPT	0	VERIFY PASS — replay reproduced 16 tokens, the token digest, and the full logit chain bit-for-bit	PASS
h2_self_receipt	byte_07/abstain	strict	0	ACCEPT	0	VERIFY PASS — replay reproduced 16 tokens, the token digest, and the full logit chain bit-for-bit	PASS
h2_self_receipt	byte_08/self	default	0	ACCEPT	0	VERIFY PASS — replay reproduced 16 tokens, the token digest, and the full logit chain bit-for-bit	PASS
h2_self_receipt	byte_08/self	strict	0	ACCEPT	0	VERIFY PASS — replay reproduced 16 tokens, the token digest, and the full logit chain bit-for-bit	PASS
h2_self_receipt	byte_08/calc	default	0	ACCEPT	0	VERIFY PASS — replay reproduced 16 tokens, the token digest, and the full logit chain bit-for-bit	PASS
h2_self_receipt	byte_08/calc	strict	0	ACCEPT	0	VERIFY PASS — replay reproduced 16 tokens, the token digest, and the full logit chain bit-for-bit	PASS
h2_self_receipt	byte_08/lookup	default	0	ACCEPT	0	VERIFY PASS — replay reproduced 16 tokens, the token digest, and the full logit chain bit-for-bit	PASS
h2_self_receipt	byte_08/lookup	strict	0	ACCEPT	0	VERIFY PASS — replay reproduced 16 tokens, the token digest, and the full logit chain bit-for-bit	PASS
h2_self_receipt	byte_08/abstain	default	0	ACCEPT	0	VERIFY PASS — replay reproduced 16 tokens, the token digest, and the full logit chain bit-for-bit	PASS
h2_self_receipt	byte_08/abstain	strict	0	ACCEPT	0	VERIFY PASS — replay reproduced 16 tokens, the token digest, and the full logit chain bit-for-bit	PASS
h2_self_receipt	byte_09/self	default	0	ACCEPT	0	VERIFY PASS — replay reproduced 16 tokens, the token digest, and the full logit chain bit-for-bit	PASS
h2_self_receipt	byte_09/self	strict	0	ACCEPT	0	VERIFY PASS — replay reproduced 16 tokens, the token digest, and the full logit chain bit-for-bit	PASS
h2_self_receipt	byte_09/calc	default	0	ACCEPT	0	VERIFY PASS — replay reproduced 16 tokens, the token digest, and the full logit chain bit-for-bit	PASS
h2_self_receipt	byte_09/calc	strict	0	ACCEPT	0	VERIFY PASS — replay reproduced 16 tokens, the token digest, and the full logit chain bit-for-bit	PASS
h2_self_receipt	byte_09/lookup	default	0	ACCEPT	0	VERIFY PASS — replay reproduced 16 tokens, the token digest, and the full logit chain bit-for-bit	PASS
h2_self_receipt	byte_09/lookup	strict	0	ACCEPT	0	VERIFY PASS — replay reproduced 16 tokens, the token digest, and the full logit chain bit-for-bit	PASS
h2_self_receipt	byte_09/abstain	default	0	ACCEPT	0	VERIFY PASS — replay reproduced 16 tokens, the token digest, and the full logit chain bit-for-bit	PASS
h2_self_receipt	byte_09/abstain	strict	0	ACCEPT	0	VERIFY PASS — replay reproduced 16 tokens, the token digest, and the full logit chain bit-for-bit	PASS
h2_self_receipt	byte_10/self	default	0	ACCEPT	0	VERIFY PASS — replay reproduced 16 tokens, the token digest, and the full logit chain bit-for-bit	PASS
h2_self_receipt	byte_10/self	strict	0	ACCEPT	0	VERIFY PASS — replay reproduced 16 tokens, the token digest, and the full logit chain bit-for-bit	PASS
h2_self_receipt	byte_10/calc	default	0	ACCEPT	0	VERIFY PASS — replay reproduced 16 tokens, the token digest, and the full logit chain bit-for-bit	PASS
h2_self_receipt	byte_10/calc	strict	0	ACCEPT	0	VERIFY PASS — replay reproduced 16 tokens, the token digest, and the full logit chain bit-for-bit	PASS
h2_self_receipt	byte_10/lookup	default	0	ACCEPT	0	VERIFY PASS — replay reproduced 16 tokens, the token digest, and the full logit chain bit-for-bit	PASS
h2_self_receipt	byte_10/lookup	strict	0	ACCEPT	0	VERIFY PASS — replay reproduced 16 tokens, the token digest, and the full logit chain bit-for-bit	PASS
h2_self_receipt	byte_10/abstain	default	0	ACCEPT	0	VERIFY PASS — replay reproduced 16 tokens, the token digest, and the full logit chain bit-for-bit	PASS
h2_self_receipt	byte_10/abstain	strict	0	ACCEPT	0	VERIFY PASS — replay reproduced 16 tokens, the token digest, and the full logit chain bit-for-bit	PASS
h2_self_receipt	byte_11/self	default	0	ACCEPT	0	VERIFY PASS — replay reproduced 16 tokens, the token digest, and the full logit chain bit-for-bit	PASS
h2_self_receipt	byte_11/self	strict	0	ACCEPT	0	VERIFY PASS — replay reproduced 16 tokens, the token digest, and the full logit chain bit-for-bit	PASS
h2_self_receipt	byte_11/calc	default	0	ACCEPT	0	VERIFY PASS — replay reproduced 16 tokens, the token digest, and the full logit chain bit-for-bit	PASS
h2_self_receipt	byte_11/calc	strict	0	ACCEPT	0	VERIFY PASS — replay reproduced 16 tokens, the token digest, and the full logit chain bit-for-bit	PASS
h2_self_receipt	byte_11/lookup	default	0	ACCEPT	0	VERIFY PASS — replay reproduced 16 tokens, the token digest, and the full logit chain bit-for-bit	PASS
h2_self_receipt	byte_11/lookup	strict	0	ACCEPT	0	VERIFY PASS — replay reproduced 16 tokens, the token digest, and the full logit chain bit-for-bit	PASS
h2_self_receipt	byte_11/abstain	default	0	ACCEPT	0	VERIFY PASS — replay reproduced 16 tokens, the token digest, and the full logit chain bit-for-bit	PASS
h2_self_receipt	byte_11/abstain	strict	0	ACCEPT	0	VERIFY PASS — replay reproduced 16 tokens, the token digest, and the full logit chain bit-for-bit	PASS
h2_self_receipt	byte_12/self	default	0	ACCEPT	0	VERIFY PASS — replay reproduced 16 tokens, the token digest, and the full logit chain bit-for-bit	PASS
h2_self_receipt	byte_12/self	strict	0	ACCEPT	0	VERIFY PASS — replay reproduced 16 tokens, the token digest, and the full logit chain bit-for-bit	PASS
h2_self_receipt	byte_12/calc	default	0	ACCEPT	0	VERIFY PASS — replay reproduced 16 tokens, the token digest, and the full logit chain bit-for-bit	PASS
h2_self_receipt	byte_12/calc	strict	0	ACCEPT	0	VERIFY PASS — replay reproduced 16 tokens, the token digest, and the full logit chain bit-for-bit	PASS
h2_self_receipt	byte_12/lookup	default	0	ACCEPT	0	VERIFY PASS — replay reproduced 16 tokens, the token digest, and the full logit chain bit-for-bit	PASS
h2_self_receipt	byte_12/lookup	strict	0	ACCEPT	0	VERIFY PASS — replay reproduced 16 tokens, the token digest, and the full logit chain bit-for-bit	PASS
h2_self_receipt	byte_12/abstain	default	0	ACCEPT	0	VERIFY PASS — replay reproduced 16 tokens, the token digest, and the full logit chain bit-for-bit	PASS
h2_self_receipt	byte_12/abstain	strict	0	ACCEPT	0	VERIFY PASS — replay reproduced 16 tokens, the token digest, and the full logit chain bit-for-bit	PASS
h2_self_receipt	byte_13/self	default	0	ACCEPT	0	VERIFY PASS — replay reproduced 16 tokens, the token digest, and the full logit chain bit-for-bit	PASS
h2_self_receipt	byte_13/self	strict	0	ACCEPT	0	VERIFY PASS — replay reproduced 16 tokens, the token digest, and the full logit chain bit-for-bit	PASS
h2_self_receipt	byte_13/calc	default	0	ACCEPT	0	VERIFY PASS — replay reproduced 16 tokens, the token digest, and the full logit chain bit-for-bit	PASS
h2_self_receipt	byte_13/calc	strict	0	ACCEPT	0	VERIFY PASS — replay reproduced 16 tokens, the token digest, and the full logit chain bit-for-bit	PASS
h2_self_receipt	byte_13/lookup	default	0	ACCEPT	0	VERIFY PASS — replay reproduced 16 tokens, the token digest, and the full logit chain bit-for-bit	PASS
h2_self_receipt	byte_13/lookup	strict	0	ACCEPT	0	VERIFY PASS — replay reproduced 16 tokens, the token digest, and the full logit chain bit-for-bit	PASS
h2_self_receipt	byte_13/abstain	default	0	ACCEPT	0	VERIFY PASS — replay reproduced 16 tokens, the token digest, and the full logit chain bit-for-bit	PASS
h2_self_receipt	byte_13/abstain	strict	0	ACCEPT	0	VERIFY PASS — replay reproduced 16 tokens, the token digest, and the full logit chain bit-for-bit	PASS
h2_self_receipt	byte_14/self	default	0	ACCEPT	0	VERIFY PASS — replay reproduced 16 tokens, the token digest, and the full logit chain bit-for-bit	PASS
h2_self_receipt	byte_14/self	strict	0	ACCEPT	0	VERIFY PASS — replay reproduced 16 tokens, the token digest, and the full logit chain bit-for-bit	PASS
h2_self_receipt	byte_14/calc	default	0	ACCEPT	0	VERIFY PASS — replay reproduced 16 tokens, the token digest, and the full logit chain bit-for-bit	PASS
h2_self_receipt	byte_14/calc	strict	0	ACCEPT	0	VERIFY PASS — replay reproduced 16 tokens, the token digest, and the full logit chain bit-for-bit	PASS
h2_self_receipt	byte_14/lookup	default	0	ACCEPT	0	VERIFY PASS — replay reproduced 16 tokens, the token digest, and the full logit chain bit-for-bit	PASS
h2_self_receipt	byte_14/lookup	strict	0	ACCEPT	0	VERIFY PASS — replay reproduced 16 tokens, the token digest, and the full logit chain bit-for-bit	PASS
h2_self_receipt	byte_14/abstain	default	0	ACCEPT	0	VERIFY PASS — replay reproduced 16 tokens, the token digest, and the full logit chain bit-for-bit	PASS
h2_self_receipt	byte_14/abstain	strict	0	ACCEPT	0	VERIFY PASS — replay reproduced 16 tokens, the token digest, and the full logit chain bit-for-bit	PASS
h2_self_receipt	byte_15/self	default	0	ACCEPT	0	VERIFY PASS — replay reproduced 16 tokens, the token digest, and the full logit chain bit-for-bit	PASS
h2_self_receipt	byte_15/self	strict	0	ACCEPT	0	VERIFY PASS — replay reproduced 16 tokens, the token digest, and the full logit chain bit-for-bit	PASS
h2_self_receipt	byte_15/calc	default	0	ACCEPT	0	VERIFY PASS — replay reproduced 16 tokens, the token digest, and the full logit chain bit-for-bit	PASS
h2_self_receipt	byte_15/calc	strict	0	ACCEPT	0	VERIFY PASS — replay reproduced 16 tokens, the token digest, and the full logit chain bit-for-bit	PASS
h2_self_receipt	byte_15/lookup	default	0	ACCEPT	0	VERIFY PASS — replay reproduced 16 tokens, the token digest, and the full logit chain bit-for-bit	PASS
h2_self_receipt	byte_15/lookup	strict	0	ACCEPT	0	VERIFY PASS — replay reproduced 16 tokens, the token digest, and the full logit chain bit-for-bit	PASS
h2_self_receipt	byte_15/abstain	default	0	ACCEPT	0	VERIFY PASS — replay reproduced 16 tokens, the token digest, and the full logit chain bit-for-bit	PASS
h2_self_receipt	byte_15/abstain	strict	0	ACCEPT	0	VERIFY PASS — replay reproduced 16 tokens, the token digest, and the full logit chain bit-for-bit	PASS
h2_self_receipt	byte_16/self	default	0	ACCEPT	0	VERIFY PASS — replay reproduced 16 tokens, the token digest, and the full logit chain bit-for-bit	PASS
h2_self_receipt	byte_16/self	strict	0	ACCEPT	0	VERIFY PASS — replay reproduced 16 tokens, the token digest, and the full logit chain bit-for-bit	PASS
h2_self_receipt	byte_16/calc	default	0	ACCEPT	0	VERIFY PASS — replay reproduced 16 tokens, the token digest, and the full logit chain bit-for-bit	PASS
h2_self_receipt	byte_16/calc	strict	0	ACCEPT	0	VERIFY PASS — replay reproduced 16 tokens, the token digest, and the full logit chain bit-for-bit	PASS
h2_self_receipt	byte_16/lookup	default	0	ACCEPT	0	VERIFY PASS — replay reproduced 16 tokens, the token digest, and the full logit chain bit-for-bit	PASS
h2_self_receipt	byte_16/lookup	strict	0	ACCEPT	0	VERIFY PASS — replay reproduced 16 tokens, the token digest, and the full logit chain bit-for-bit	PASS
h2_self_receipt	byte_16/abstain	default	0	ACCEPT	0	VERIFY PASS — replay reproduced 16 tokens, the token digest, and the full logit chain bit-for-bit	PASS
h2_self_receipt	byte_16/abstain	strict	0	ACCEPT	0	VERIFY PASS — replay reproduced 16 tokens, the token digest, and the full logit chain bit-for-bit	PASS
h2_self_receipt	byte_17/self	default	0	ACCEPT	0	VERIFY PASS — replay reproduced 16 tokens, the token digest, and the full logit chain bit-for-bit	PASS
h2_self_receipt	byte_17/self	strict	0	ACCEPT	0	VERIFY PASS — replay reproduced 16 tokens, the token digest, and the full logit chain bit-for-bit	PASS
h2_self_receipt	byte_17/calc	default	0	ACCEPT	0	VERIFY PASS — replay reproduced 16 tokens, the token digest, and the full logit chain bit-for-bit	PASS
h2_self_receipt	byte_17/calc	strict	0	ACCEPT	0	VERIFY PASS — replay reproduced 16 tokens, the token digest, and the full logit chain bit-for-bit	PASS
h2_self_receipt	byte_17/lookup	default	0	ACCEPT	0	VERIFY PASS — replay reproduced 16 tokens, the token digest, and the full logit chain bit-for-bit	PASS
h2_self_receipt	byte_17/lookup	strict	0	ACCEPT	0	VERIFY PASS — replay reproduced 16 tokens, the token digest, and the full logit chain bit-for-bit	PASS
h2_self_receipt	byte_17/abstain	default	0	ACCEPT	0	VERIFY PASS — replay reproduced 16 tokens, the token digest, and the full logit chain bit-for-bit	PASS
h2_self_receipt	byte_17/abstain	strict	0	ACCEPT	0	VERIFY PASS — replay reproduced 16 tokens, the token digest, and the full logit chain bit-for-bit	PASS
h2_self_receipt	byte_18/self	default	0	ACCEPT	0	VERIFY PASS — replay reproduced 16 tokens, the token digest, and the full logit chain bit-for-bit	PASS
h2_self_receipt	byte_18/self	strict	0	ACCEPT	0	VERIFY PASS — replay reproduced 16 tokens, the token digest, and the full logit chain bit-for-bit	PASS
h2_self_receipt	byte_18/calc	default	0	ACCEPT	0	VERIFY PASS — replay reproduced 16 tokens, the token digest, and the full logit chain bit-for-bit	PASS
h2_self_receipt	byte_18/calc	strict	0	ACCEPT	0	VERIFY PASS — replay reproduced 16 tokens, the token digest, and the full logit chain bit-for-bit	PASS
h2_self_receipt	byte_18/lookup	default	0	ACCEPT	0	VERIFY PASS — replay reproduced 16 tokens, the token digest, and the full logit chain bit-for-bit	PASS
h2_self_receipt	byte_18/lookup	strict	0	ACCEPT	0	VERIFY PASS — replay reproduced 16 tokens, the token digest, and the full logit chain bit-for-bit	PASS
h2_self_receipt	byte_18/abstain	default	0	ACCEPT	0	VERIFY PASS — replay reproduced 16 tokens, the token digest, and the full logit chain bit-for-bit	PASS
h2_self_receipt	byte_18/abstain	strict	0	ACCEPT	0	VERIFY PASS — replay reproduced 16 tokens, the token digest, and the full logit chain bit-for-bit	PASS
h2_self_receipt	byte_19/self	default	0	ACCEPT	0	VERIFY PASS — replay reproduced 16 tokens, the token digest, and the full logit chain bit-for-bit	PASS
h2_self_receipt	byte_19/self	strict	0	ACCEPT	0	VERIFY PASS — replay reproduced 16 tokens, the token digest, and the full logit chain bit-for-bit	PASS
h2_self_receipt	byte_19/calc	default	0	ACCEPT	0	VERIFY PASS — replay reproduced 16 tokens, the token digest, and the full logit chain bit-for-bit	PASS
h2_self_receipt	byte_19/calc	strict	0	ACCEPT	0	VERIFY PASS — replay reproduced 16 tokens, the token digest, and the full logit chain bit-for-bit	PASS
h2_self_receipt	byte_19/lookup	default	0	ACCEPT	0	VERIFY PASS — replay reproduced 16 tokens, the token digest, and the full logit chain bit-for-bit	PASS
h2_self_receipt	byte_19/lookup	strict	0	ACCEPT	0	VERIFY PASS — replay reproduced 16 tokens, the token digest, and the full logit chain bit-for-bit	PASS
h2_self_receipt	byte_19/abstain	default	0	ACCEPT	0	VERIFY PASS — replay reproduced 16 tokens, the token digest, and the full logit chain bit-for-bit	PASS
h2_self_receipt	byte_19/abstain	strict	0	ACCEPT	0	VERIFY PASS — replay reproduced 16 tokens, the token digest, and the full logit chain bit-for-bit	PASS
h2_self_receipt	bit_00/self	default	0	ACCEPT	0	VERIFY PASS — replay reproduced 16 tokens, the token digest, and the full logit chain bit-for-bit	PASS
h2_self_receipt	bit_00/self	strict	0	ACCEPT	0	VERIFY PASS — replay reproduced 16 tokens, the token digest, and the full logit chain bit-for-bit	PASS
h2_self_receipt	bit_00/calc	default	0	ACCEPT	0	VERIFY PASS — replay reproduced 16 tokens, the token digest, and the full logit chain bit-for-bit	PASS
h2_self_receipt	bit_00/calc	strict	0	ACCEPT	0	VERIFY PASS — replay reproduced 16 tokens, the token digest, and the full logit chain bit-for-bit	PASS
h2_self_receipt	bit_00/lookup	default	0	ACCEPT	0	VERIFY PASS — replay reproduced 16 tokens, the token digest, and the full logit chain bit-for-bit	PASS
h2_self_receipt	bit_00/lookup	strict	0	ACCEPT	0	VERIFY PASS — replay reproduced 16 tokens, the token digest, and the full logit chain bit-for-bit	PASS
h2_self_receipt	bit_00/abstain	default	0	ACCEPT	0	VERIFY PASS — replay reproduced 16 tokens, the token digest, and the full logit chain bit-for-bit	PASS
h2_self_receipt	bit_00/abstain	strict	0	ACCEPT	0	VERIFY PASS — replay reproduced 16 tokens, the token digest, and the full logit chain bit-for-bit	PASS
h2_self_receipt	bit_01/self	default	0	ACCEPT	0	VERIFY PASS — replay reproduced 16 tokens, the token digest, and the full logit chain bit-for-bit	PASS
h2_self_receipt	bit_01/self	strict	0	ACCEPT	0	VERIFY PASS — replay reproduced 16 tokens, the token digest, and the full logit chain bit-for-bit	PASS
h2_self_receipt	bit_01/calc	default	0	ACCEPT	0	VERIFY PASS — replay reproduced 16 tokens, the token digest, and the full logit chain bit-for-bit	PASS
h2_self_receipt	bit_01/calc	strict	0	ACCEPT	0	VERIFY PASS — replay reproduced 16 tokens, the token digest, and the full logit chain bit-for-bit	PASS
h2_self_receipt	bit_01/lookup	default	0	ACCEPT	0	VERIFY PASS — replay reproduced 16 tokens, the token digest, and the full logit chain bit-for-bit	PASS
h2_self_receipt	bit_01/lookup	strict	0	ACCEPT	0	VERIFY PASS — replay reproduced 16 tokens, the token digest, and the full logit chain bit-for-bit	PASS
h2_self_receipt	bit_01/abstain	default	0	ACCEPT	0	VERIFY PASS — replay reproduced 16 tokens, the token digest, and the full logit chain bit-for-bit	PASS
h2_self_receipt	bit_01/abstain	strict	0	ACCEPT	0	VERIFY PASS — replay reproduced 16 tokens, the token digest, and the full logit chain bit-for-bit	PASS
h2_self_receipt	bit_02/self	default	0	ACCEPT	0	VERIFY PASS — replay reproduced 16 tokens, the token digest, and the full logit chain bit-for-bit	PASS
h2_self_receipt	bit_02/self	strict	0	ACCEPT	0	VERIFY PASS — replay reproduced 16 tokens, the token digest, and the full logit chain bit-for-bit	PASS
h2_self_receipt	bit_02/calc	default	0	ACCEPT	0	VERIFY PASS — replay reproduced 16 tokens, the token digest, and the full logit chain bit-for-bit	PASS
h2_self_receipt	bit_02/calc	strict	0	ACCEPT	0	VERIFY PASS — replay reproduced 16 tokens, the token digest, and the full logit chain bit-for-bit	PASS
h2_self_receipt	bit_02/lookup	default	0	ACCEPT	0	VERIFY PASS — replay reproduced 16 tokens, the token digest, and the full logit chain bit-for-bit	PASS
h2_self_receipt	bit_02/lookup	strict	0	ACCEPT	0	VERIFY PASS — replay reproduced 16 tokens, the token digest, and the full logit chain bit-for-bit	PASS
h2_self_receipt	bit_02/abstain	default	0	ACCEPT	0	VERIFY PASS — replay reproduced 16 tokens, the token digest, and the full logit chain bit-for-bit	PASS
h2_self_receipt	bit_02/abstain	strict	0	ACCEPT	0	VERIFY PASS — replay reproduced 16 tokens, the token digest, and the full logit chain bit-for-bit	PASS
h2_self_receipt	bit_03/self	default	0	ACCEPT	0	VERIFY PASS — replay reproduced 16 tokens, the token digest, and the full logit chain bit-for-bit	PASS
h2_self_receipt	bit_03/self	strict	0	ACCEPT	0	VERIFY PASS — replay reproduced 16 tokens, the token digest, and the full logit chain bit-for-bit	PASS
h2_self_receipt	bit_03/calc	default	0	ACCEPT	0	VERIFY PASS — replay reproduced 16 tokens, the token digest, and the full logit chain bit-for-bit	PASS
h2_self_receipt	bit_03/calc	strict	0	ACCEPT	0	VERIFY PASS — replay reproduced 16 tokens, the token digest, and the full logit chain bit-for-bit	PASS
h2_self_receipt	bit_03/lookup	default	0	ACCEPT	0	VERIFY PASS — replay reproduced 16 tokens, the token digest, and the full logit chain bit-for-bit	PASS
h2_self_receipt	bit_03/lookup	strict	0	ACCEPT	0	VERIFY PASS — replay reproduced 16 tokens, the token digest, and the full logit chain bit-for-bit	PASS
h2_self_receipt	bit_03/abstain	default	0	ACCEPT	0	VERIFY PASS — replay reproduced 16 tokens, the token digest, and the full logit chain bit-for-bit	PASS
h2_self_receipt	bit_03/abstain	strict	0	ACCEPT	0	VERIFY PASS — replay reproduced 16 tokens, the token digest, and the full logit chain bit-for-bit	PASS
h2_self_receipt	bit_04/self	default	0	ACCEPT	0	VERIFY PASS — replay reproduced 16 tokens, the token digest, and the full logit chain bit-for-bit	PASS
h2_self_receipt	bit_04/self	strict	0	ACCEPT	0	VERIFY PASS — replay reproduced 16 tokens, the token digest, and the full logit chain bit-for-bit	PASS
h2_self_receipt	bit_04/calc	default	0	ACCEPT	0	VERIFY PASS — replay reproduced 16 tokens, the token digest, and the full logit chain bit-for-bit	PASS
h2_self_receipt	bit_04/calc	strict	0	ACCEPT	0	VERIFY PASS — replay reproduced 16 tokens, the token digest, and the full logit chain bit-for-bit	PASS
h2_self_receipt	bit_04/lookup	default	0	ACCEPT	0	VERIFY PASS — replay reproduced 16 tokens, the token digest, and the full logit chain bit-for-bit	PASS
h2_self_receipt	bit_04/lookup	strict	0	ACCEPT	0	VERIFY PASS — replay reproduced 16 tokens, the token digest, and the full logit chain bit-for-bit	PASS
h2_self_receipt	bit_04/abstain	default	0	ACCEPT	0	VERIFY PASS — replay reproduced 16 tokens, the token digest, and the full logit chain bit-for-bit	PASS
h2_self_receipt	bit_04/abstain	strict	0	ACCEPT	0	VERIFY PASS — replay reproduced 16 tokens, the token digest, and the full logit chain bit-for-bit	PASS
h2_self_receipt	bit_05/self	default	0	ACCEPT	0	VERIFY PASS — replay reproduced 16 tokens, the token digest, and the full logit chain bit-for-bit	PASS
h2_self_receipt	bit_05/self	strict	0	ACCEPT	0	VERIFY PASS — replay reproduced 16 tokens, the token digest, and the full logit chain bit-for-bit	PASS
h2_self_receipt	bit_05/calc	default	0	ACCEPT	0	VERIFY PASS — replay reproduced 16 tokens, the token digest, and the full logit chain bit-for-bit	PASS
h2_self_receipt	bit_05/calc	strict	0	ACCEPT	0	VERIFY PASS — replay reproduced 16 tokens, the token digest, and the full logit chain bit-for-bit	PASS
h2_self_receipt	bit_05/lookup	default	0	ACCEPT	0	VERIFY PASS — replay reproduced 16 tokens, the token digest, and the full logit chain bit-for-bit	PASS
h2_self_receipt	bit_05/lookup	strict	0	ACCEPT	0	VERIFY PASS — replay reproduced 16 tokens, the token digest, and the full logit chain bit-for-bit	PASS
h2_self_receipt	bit_05/abstain	default	0	ACCEPT	0	VERIFY PASS — replay reproduced 16 tokens, the token digest, and the full logit chain bit-for-bit	PASS
h2_self_receipt	bit_05/abstain	strict	0	ACCEPT	0	VERIFY PASS — replay reproduced 16 tokens, the token digest, and the full logit chain bit-for-bit	PASS
h2_self_receipt	bit_06/self	default	0	ACCEPT	0	VERIFY PASS — replay reproduced 16 tokens, the token digest, and the full logit chain bit-for-bit	PASS
h2_self_receipt	bit_06/self	strict	0	ACCEPT	0	VERIFY PASS — replay reproduced 16 tokens, the token digest, and the full logit chain bit-for-bit	PASS
h2_self_receipt	bit_06/calc	default	0	ACCEPT	0	VERIFY PASS — replay reproduced 16 tokens, the token digest, and the full logit chain bit-for-bit	PASS
h2_self_receipt	bit_06/calc	strict	0	ACCEPT	0	VERIFY PASS — replay reproduced 16 tokens, the token digest, and the full logit chain bit-for-bit	PASS
h2_self_receipt	bit_06/lookup	default	0	ACCEPT	0	VERIFY PASS — replay reproduced 16 tokens, the token digest, and the full logit chain bit-for-bit	PASS
h2_self_receipt	bit_06/lookup	strict	0	ACCEPT	0	VERIFY PASS — replay reproduced 16 tokens, the token digest, and the full logit chain bit-for-bit	PASS
h2_self_receipt	bit_06/abstain	default	0	ACCEPT	0	VERIFY PASS — replay reproduced 16 tokens, the token digest, and the full logit chain bit-for-bit	PASS
h2_self_receipt	bit_06/abstain	strict	0	ACCEPT	0	VERIFY PASS — replay reproduced 16 tokens, the token digest, and the full logit chain bit-for-bit	PASS
h2_self_receipt	bit_07/self	default	0	ACCEPT	0	VERIFY PASS — replay reproduced 16 tokens, the token digest, and the full logit chain bit-for-bit	PASS
h2_self_receipt	bit_07/self	strict	0	ACCEPT	0	VERIFY PASS — replay reproduced 16 tokens, the token digest, and the full logit chain bit-for-bit	PASS
h2_self_receipt	bit_07/calc	default	0	ACCEPT	0	VERIFY PASS — replay reproduced 16 tokens, the token digest, and the full logit chain bit-for-bit	PASS
h2_self_receipt	bit_07/calc	strict	0	ACCEPT	0	VERIFY PASS — replay reproduced 16 tokens, the token digest, and the full logit chain bit-for-bit	PASS
h2_self_receipt	bit_07/lookup	default	0	ACCEPT	0	VERIFY PASS — replay reproduced 16 tokens, the token digest, and the full logit chain bit-for-bit	PASS
h2_self_receipt	bit_07/lookup	strict	0	ACCEPT	0	VERIFY PASS — replay reproduced 16 tokens, the token digest, and the full logit chain bit-for-bit	PASS
h2_self_receipt	bit_07/abstain	default	0	ACCEPT	0	VERIFY PASS — replay reproduced 16 tokens, the token digest, and the full logit chain bit-for-bit	PASS
h2_self_receipt	bit_07/abstain	strict	0	ACCEPT	0	VERIFY PASS — replay reproduced 16 tokens, the token digest, and the full logit chain bit-for-bit	PASS
h2_self_receipt	bit_08/self	default	0	ACCEPT	0	VERIFY PASS — replay reproduced 16 tokens, the token digest, and the full logit chain bit-for-bit	PASS
h2_self_receipt	bit_08/self	strict	0	ACCEPT	0	VERIFY PASS — replay reproduced 16 tokens, the token digest, and the full logit chain bit-for-bit	PASS
h2_self_receipt	bit_08/calc	default	0	ACCEPT	0	VERIFY PASS — replay reproduced 16 tokens, the token digest, and the full logit chain bit-for-bit	PASS
h2_self_receipt	bit_08/calc	strict	0	ACCEPT	0	VERIFY PASS — replay reproduced 16 tokens, the token digest, and the full logit chain bit-for-bit	PASS
h2_self_receipt	bit_08/lookup	default	0	ACCEPT	0	VERIFY PASS — replay reproduced 16 tokens, the token digest, and the full logit chain bit-for-bit	PASS
h2_self_receipt	bit_08/lookup	strict	0	ACCEPT	0	VERIFY PASS — replay reproduced 16 tokens, the token digest, and the full logit chain bit-for-bit	PASS
h2_self_receipt	bit_08/abstain	default	0	ACCEPT	0	VERIFY PASS — replay reproduced 16 tokens, the token digest, and the full logit chain bit-for-bit	PASS
h2_self_receipt	bit_08/abstain	strict	0	ACCEPT	0	VERIFY PASS — replay reproduced 16 tokens, the token digest, and the full logit chain bit-for-bit	PASS
h2_self_receipt	bit_09/self	default	0	ACCEPT	0	VERIFY PASS — replay reproduced 16 tokens, the token digest, and the full logit chain bit-for-bit	PASS
h2_self_receipt	bit_09/self	strict	0	ACCEPT	0	VERIFY PASS — replay reproduced 16 tokens, the token digest, and the full logit chain bit-for-bit	PASS
h2_self_receipt	bit_09/calc	default	0	ACCEPT	0	VERIFY PASS — replay reproduced 16 tokens, the token digest, and the full logit chain bit-for-bit	PASS
h2_self_receipt	bit_09/calc	strict	0	ACCEPT	0	VERIFY PASS — replay reproduced 16 tokens, the token digest, and the full logit chain bit-for-bit	PASS
h2_self_receipt	bit_09/lookup	default	0	ACCEPT	0	VERIFY PASS — replay reproduced 16 tokens, the token digest, and the full logit chain bit-for-bit	PASS
h2_self_receipt	bit_09/lookup	strict	0	ACCEPT	0	VERIFY PASS — replay reproduced 16 tokens, the token digest, and the full logit chain bit-for-bit	PASS
h2_self_receipt	bit_09/abstain	default	0	ACCEPT	0	VERIFY PASS — replay reproduced 16 tokens, the token digest, and the full logit chain bit-for-bit	PASS
h2_self_receipt	bit_09/abstain	strict	0	ACCEPT	0	VERIFY PASS — replay reproduced 16 tokens, the token digest, and the full logit chain bit-for-bit	PASS
h2_self_receipt	bit_10/self	default	0	ACCEPT	0	VERIFY PASS — replay reproduced 16 tokens, the token digest, and the full logit chain bit-for-bit	PASS
h2_self_receipt	bit_10/self	strict	0	ACCEPT	0	VERIFY PASS — replay reproduced 16 tokens, the token digest, and the full logit chain bit-for-bit	PASS
h2_self_receipt	bit_10/calc	default	0	ACCEPT	0	VERIFY PASS — replay reproduced 16 tokens, the token digest, and the full logit chain bit-for-bit	PASS
h2_self_receipt	bit_10/calc	strict	0	ACCEPT	0	VERIFY PASS — replay reproduced 16 tokens, the token digest, and the full logit chain bit-for-bit	PASS
h2_self_receipt	bit_10/lookup	default	0	ACCEPT	0	VERIFY PASS — replay reproduced 16 tokens, the token digest, and the full logit chain bit-for-bit	PASS
h2_self_receipt	bit_10/lookup	strict	0	ACCEPT	0	VERIFY PASS — replay reproduced 16 tokens, the token digest, and the full logit chain bit-for-bit	PASS
h2_self_receipt	bit_10/abstain	default	0	ACCEPT	0	VERIFY PASS — replay reproduced 16 tokens, the token digest, and the full logit chain bit-for-bit	PASS
h2_self_receipt	bit_10/abstain	strict	0	ACCEPT	0	VERIFY PASS — replay reproduced 16 tokens, the token digest, and the full logit chain bit-for-bit	PASS
h2_self_receipt	bit_11/self	default	0	ACCEPT	0	VERIFY PASS — replay reproduced 16 tokens, the token digest, and the full logit chain bit-for-bit	PASS
h2_self_receipt	bit_11/self	strict	0	ACCEPT	0	VERIFY PASS — replay reproduced 16 tokens, the token digest, and the full logit chain bit-for-bit	PASS
h2_self_receipt	bit_11/calc	default	0	ACCEPT	0	VERIFY PASS — replay reproduced 16 tokens, the token digest, and the full logit chain bit-for-bit	PASS
h2_self_receipt	bit_11/calc	strict	0	ACCEPT	0	VERIFY PASS — replay reproduced 16 tokens, the token digest, and the full logit chain bit-for-bit	PASS
h2_self_receipt	bit_11/lookup	default	0	ACCEPT	0	VERIFY PASS — replay reproduced 16 tokens, the token digest, and the full logit chain bit-for-bit	PASS
h2_self_receipt	bit_11/lookup	strict	0	ACCEPT	0	VERIFY PASS — replay reproduced 16 tokens, the token digest, and the full logit chain bit-for-bit	PASS
h2_self_receipt	bit_11/abstain	default	0	ACCEPT	0	VERIFY PASS — replay reproduced 16 tokens, the token digest, and the full logit chain bit-for-bit	PASS
h2_self_receipt	bit_11/abstain	strict	0	ACCEPT	0	VERIFY PASS — replay reproduced 16 tokens, the token digest, and the full logit chain bit-for-bit	PASS
h2_self_receipt	bit_12/self	default	0	ACCEPT	0	VERIFY PASS — replay reproduced 16 tokens, the token digest, and the full logit chain bit-for-bit	PASS
h2_self_receipt	bit_12/self	strict	0	ACCEPT	0	VERIFY PASS — replay reproduced 16 tokens, the token digest, and the full logit chain bit-for-bit	PASS
h2_self_receipt	bit_12/calc	default	0	ACCEPT	0	VERIFY PASS — replay reproduced 16 tokens, the token digest, and the full logit chain bit-for-bit	PASS
h2_self_receipt	bit_12/calc	strict	0	ACCEPT	0	VERIFY PASS — replay reproduced 16 tokens, the token digest, and the full logit chain bit-for-bit	PASS
h2_self_receipt	bit_12/lookup	default	0	ACCEPT	0	VERIFY PASS — replay reproduced 16 tokens, the token digest, and the full logit chain bit-for-bit	PASS
h2_self_receipt	bit_12/lookup	strict	0	ACCEPT	0	VERIFY PASS — replay reproduced 16 tokens, the token digest, and the full logit chain bit-for-bit	PASS
h2_self_receipt	bit_12/abstain	default	0	ACCEPT	0	VERIFY PASS — replay reproduced 16 tokens, the token digest, and the full logit chain bit-for-bit	PASS
h2_self_receipt	bit_12/abstain	strict	0	ACCEPT	0	VERIFY PASS — replay reproduced 16 tokens, the token digest, and the full logit chain bit-for-bit	PASS
h2_self_receipt	bit_13/self	default	0	ACCEPT	0	VERIFY PASS — replay reproduced 16 tokens, the token digest, and the full logit chain bit-for-bit	PASS
h2_self_receipt	bit_13/self	strict	0	ACCEPT	0	VERIFY PASS — replay reproduced 16 tokens, the token digest, and the full logit chain bit-for-bit	PASS
h2_self_receipt	bit_13/calc	default	0	ACCEPT	0	VERIFY PASS — replay reproduced 16 tokens, the token digest, and the full logit chain bit-for-bit	PASS
h2_self_receipt	bit_13/calc	strict	0	ACCEPT	0	VERIFY PASS — replay reproduced 16 tokens, the token digest, and the full logit chain bit-for-bit	PASS
h2_self_receipt	bit_13/lookup	default	0	ACCEPT	0	VERIFY PASS — replay reproduced 16 tokens, the token digest, and the full logit chain bit-for-bit	PASS
h2_self_receipt	bit_13/lookup	strict	0	ACCEPT	0	VERIFY PASS — replay reproduced 16 tokens, the token digest, and the full logit chain bit-for-bit	PASS
h2_self_receipt	bit_13/abstain	default	0	ACCEPT	0	VERIFY PASS — replay reproduced 16 tokens, the token digest, and the full logit chain bit-for-bit	PASS
h2_self_receipt	bit_13/abstain	strict	0	ACCEPT	0	VERIFY PASS — replay reproduced 16 tokens, the token digest, and the full logit chain bit-for-bit	PASS
h2_self_receipt	bit_14/self	default	0	ACCEPT	0	VERIFY PASS — replay reproduced 16 tokens, the token digest, and the full logit chain bit-for-bit	PASS
h2_self_receipt	bit_14/self	strict	0	ACCEPT	0	VERIFY PASS — replay reproduced 16 tokens, the token digest, and the full logit chain bit-for-bit	PASS
h2_self_receipt	bit_14/calc	default	0	ACCEPT	0	VERIFY PASS — replay reproduced 16 tokens, the token digest, and the full logit chain bit-for-bit	PASS
h2_self_receipt	bit_14/calc	strict	0	ACCEPT	0	VERIFY PASS — replay reproduced 16 tokens, the token digest, and the full logit chain bit-for-bit	PASS
h2_self_receipt	bit_14/lookup	default	0	ACCEPT	0	VERIFY PASS — replay reproduced 16 tokens, the token digest, and the full logit chain bit-for-bit	PASS
h2_self_receipt	bit_14/lookup	strict	0	ACCEPT	0	VERIFY PASS — replay reproduced 16 tokens, the token digest, and the full logit chain bit-for-bit	PASS
h2_self_receipt	bit_14/abstain	default	0	ACCEPT	0	VERIFY PASS — replay reproduced 16 tokens, the token digest, and the full logit chain bit-for-bit	PASS
h2_self_receipt	bit_14/abstain	strict	0	ACCEPT	0	VERIFY PASS — replay reproduced 16 tokens, the token digest, and the full logit chain bit-for-bit	PASS
h2_self_receipt	bit_15/self	default	0	ACCEPT	0	VERIFY PASS — replay reproduced 16 tokens, the token digest, and the full logit chain bit-for-bit	PASS
h2_self_receipt	bit_15/self	strict	0	ACCEPT	0	VERIFY PASS — replay reproduced 16 tokens, the token digest, and the full logit chain bit-for-bit	PASS
h2_self_receipt	bit_15/calc	default	0	ACCEPT	0	VERIFY PASS — replay reproduced 16 tokens, the token digest, and the full logit chain bit-for-bit	PASS
h2_self_receipt	bit_15/calc	strict	0	ACCEPT	0	VERIFY PASS — replay reproduced 16 tokens, the token digest, and the full logit chain bit-for-bit	PASS
h2_self_receipt	bit_15/lookup	default	0	ACCEPT	0	VERIFY PASS — replay reproduced 16 tokens, the token digest, and the full logit chain bit-for-bit	PASS
h2_self_receipt	bit_15/lookup	strict	0	ACCEPT	0	VERIFY PASS — replay reproduced 16 tokens, the token digest, and the full logit chain bit-for-bit	PASS
h2_self_receipt	bit_15/abstain	default	0	ACCEPT	0	VERIFY PASS — replay reproduced 16 tokens, the token digest, and the full logit chain bit-for-bit	PASS
h2_self_receipt	bit_15/abstain	strict	0	ACCEPT	0	VERIFY PASS — replay reproduced 16 tokens, the token digest, and the full logit chain bit-for-bit	PASS
h2_self_receipt	bit_16/self	default	0	ACCEPT	0	VERIFY PASS — replay reproduced 16 tokens, the token digest, and the full logit chain bit-for-bit	PASS
h2_self_receipt	bit_16/self	strict	0	ACCEPT	0	VERIFY PASS — replay reproduced 16 tokens, the token digest, and the full logit chain bit-for-bit	PASS
h2_self_receipt	bit_16/calc	default	0	ACCEPT	0	VERIFY PASS — replay reproduced 16 tokens, the token digest, and the full logit chain bit-for-bit	PASS
h2_self_receipt	bit_16/calc	strict	0	ACCEPT	0	VERIFY PASS — replay reproduced 16 tokens, the token digest, and the full logit chain bit-for-bit	PASS
h2_self_receipt	bit_16/lookup	default	0	ACCEPT	0	VERIFY PASS — replay reproduced 16 tokens, the token digest, and the full logit chain bit-for-bit	PASS
h2_self_receipt	bit_16/lookup	strict	0	ACCEPT	0	VERIFY PASS — replay reproduced 16 tokens, the token digest, and the full logit chain bit-for-bit	PASS
h2_self_receipt	bit_16/abstain	default	0	ACCEPT	0	VERIFY PASS — replay reproduced 16 tokens, the token digest, and the full logit chain bit-for-bit	PASS
h2_self_receipt	bit_16/abstain	strict	0	ACCEPT	0	VERIFY PASS — replay reproduced 16 tokens, the token digest, and the full logit chain bit-for-bit	PASS
h2_self_receipt	bit_17/self	default	0	ACCEPT	0	VERIFY PASS — replay reproduced 16 tokens, the token digest, and the full logit chain bit-for-bit	PASS
h2_self_receipt	bit_17/self	strict	0	ACCEPT	0	VERIFY PASS — replay reproduced 16 tokens, the token digest, and the full logit chain bit-for-bit	PASS
h2_self_receipt	bit_17/calc	default	0	ACCEPT	0	VERIFY PASS — replay reproduced 16 tokens, the token digest, and the full logit chain bit-for-bit	PASS
h2_self_receipt	bit_17/calc	strict	0	ACCEPT	0	VERIFY PASS — replay reproduced 16 tokens, the token digest, and the full logit chain bit-for-bit	PASS
h2_self_receipt	bit_17/lookup	default	0	ACCEPT	0	VERIFY PASS — replay reproduced 16 tokens, the token digest, and the full logit chain bit-for-bit	PASS
h2_self_receipt	bit_17/lookup	strict	0	ACCEPT	0	VERIFY PASS — replay reproduced 16 tokens, the token digest, and the full logit chain bit-for-bit	PASS
h2_self_receipt	bit_17/abstain	default	0	ACCEPT	0	VERIFY PASS — replay reproduced 16 tokens, the token digest, and the full logit chain bit-for-bit	PASS
h2_self_receipt	bit_17/abstain	strict	0	ACCEPT	0	VERIFY PASS — replay reproduced 16 tokens, the token digest, and the full logit chain bit-for-bit	PASS
h2_self_receipt	bit_18/self	default	0	ACCEPT	0	VERIFY PASS — replay reproduced 16 tokens, the token digest, and the full logit chain bit-for-bit	PASS
h2_self_receipt	bit_18/self	strict	0	ACCEPT	0	VERIFY PASS — replay reproduced 16 tokens, the token digest, and the full logit chain bit-for-bit	PASS
h2_self_receipt	bit_18/calc	default	0	ACCEPT	0	VERIFY PASS — replay reproduced 16 tokens, the token digest, and the full logit chain bit-for-bit	PASS
h2_self_receipt	bit_18/calc	strict	0	ACCEPT	0	VERIFY PASS — replay reproduced 16 tokens, the token digest, and the full logit chain bit-for-bit	PASS
h2_self_receipt	bit_18/lookup	default	0	ACCEPT	0	VERIFY PASS — replay reproduced 16 tokens, the token digest, and the full logit chain bit-for-bit	PASS
h2_self_receipt	bit_18/lookup	strict	0	ACCEPT	0	VERIFY PASS — replay reproduced 16 tokens, the token digest, and the full logit chain bit-for-bit	PASS
h2_self_receipt	bit_18/abstain	default	0	ACCEPT	0	VERIFY PASS — replay reproduced 16 tokens, the token digest, and the full logit chain bit-for-bit	PASS
h2_self_receipt	bit_18/abstain	strict	0	ACCEPT	0	VERIFY PASS — replay reproduced 16 tokens, the token digest, and the full logit chain bit-for-bit	PASS
h2_self_receipt	bit_19/self	default	0	ACCEPT	0	VERIFY PASS — replay reproduced 16 tokens, the token digest, and the full logit chain bit-for-bit	PASS
h2_self_receipt	bit_19/self	strict	0	ACCEPT	0	VERIFY PASS — replay reproduced 16 tokens, the token digest, and the full logit chain bit-for-bit	PASS
h2_self_receipt	bit_19/calc	default	0	ACCEPT	0	VERIFY PASS — replay reproduced 16 tokens, the token digest, and the full logit chain bit-for-bit	PASS
h2_self_receipt	bit_19/calc	strict	0	ACCEPT	0	VERIFY PASS — replay reproduced 16 tokens, the token digest, and the full logit chain bit-for-bit	PASS
h2_self_receipt	bit_19/lookup	default	0	ACCEPT	0	VERIFY PASS — replay reproduced 16 tokens, the token digest, and the full logit chain bit-for-bit	PASS
h2_self_receipt	bit_19/lookup	strict	0	ACCEPT	0	VERIFY PASS — replay reproduced 16 tokens, the token digest, and the full logit chain bit-for-bit	PASS
h2_self_receipt	bit_19/abstain	default	0	ACCEPT	0	VERIFY PASS — replay reproduced 16 tokens, the token digest, and the full logit chain bit-for-bit	PASS
h2_self_receipt	bit_19/abstain	strict	0	ACCEPT	0	VERIFY PASS — replay reproduced 16 tokens, the token digest, and the full logit chain bit-for-bit	PASS
