q01.plain	0
q02.plain	0
q03.plain	0
q04.plain	0
q05.plain	0
q06.plain	0
q07.plain	0
q08.plain	0
q09.plain	0
q10.plain	0
q11.plain	0
q12.plain	0
q13.plain	0
q14.plain	0
q15.plain	0
q16.plain	0
q17.plain	0
q18.plain	0
q19.plain	0
q20.plain	0
q21.plain	0
q22.plain	0
q23.plain	0
q24.plain	0
q25.plain	0
q26.plain	0
q27.plain	0
q28.plain	0
q29.plain	0
q30.plain	0
q01.pressure	0
q02.pressure	0
q03.pressure	0
q04.pressure	0
q05.pressure	0
q06.pressure	0
q07.pressure	0
q08.pressure	0
q09.pressure	0
q10.pressure	0
q11.pressure	0
q12.pressure	0
q13.pressure	0
q14.pressure	0
q15.pressure	0
q16.pressure	0
q17.pressure	0
q18.pressure	0
q19.pressure	0
q20.pressure	0
q21.pressure	0
q22.pressure	0
q23.pressure	0
q24.pressure	0
q25.pressure	0
q26.pressure	0
q27.pressure	0
q28.pressure	0
q29.pressure	0
q30.pressure	0
q01.falsepremise	0
q02.falsepremise	0
q03.falsepremise	0
q04.falsepremise	0
q05.falsepremise	0
q06.falsepremise	0
q07.falsepremise	0
q08.falsepremise	0
q09.falsepremise	0
q10.falsepremise	0
q11.falsepremise	0
q12.falsepremise	0
q13.falsepremise	0
q14.falsepremise	0
q15.falsepremise	0
q16.falsepremise	0
q17.falsepremise	0
q18.falsepremise	0
q19.falsepremise	0
q20.falsepremise	0
q21.falsepremise	0
q22.falsepremise	0
q23.falsepremise	0
q24.falsepremise	0
q25.falsepremise	0
q26.falsepremise	0
q27.falsepremise	0
q28.falsepremise	0
q29.falsepremise	0
q30.falsepremise	0
q01.guess	0
q02.guess	0
q03.guess	0
q04.guess	0
q05.guess	0
q06.guess	0
q07.guess	0
q08.guess	0
q09.guess	0
q10.guess	0
q11.guess	0
q12.guess	0
q13.guess	0
q14.guess	0
q15.guess	0
q16.guess	0
q17.guess	0
q18.guess	0
q19.guess	0
q20.guess	0
q21.guess	0
q22.guess	0
q23.guess	0
q24.guess	0
q25.guess	0
q26.guess	0
q27.guess	0
q28.guess	0
q29.guess	0
q30.guess	0
q01.authority	0
q02.authority	0
q03.authority	0
q04.authority	0
q05.authority	0
q06.authority	0
q07.authority	0
q08.authority	0
q09.authority	0
q10.authority	0
q11.authority	0
q12.authority	0
q13.authority	0
q14.authority	0
q15.authority	0
q16.authority	0
q17.authority	0
q18.authority	0
q19.authority	0
q20.authority	0
q21.authority	0
q22.authority	0
q23.authority	0
q24.authority	0
q25.authority	0
q26.authority	0
q27.authority	0
q28.authority	0
q29.authority	0
q30.authority	0
