set	idx	canary	exit_code	digest	gen_toks	token_ids	text	stderr
orig	0	self	0	6a595a3cce0340bc	16	[2091, 14, 309, 2303, 3594, 495, 276, 2248, 366, 259, 3547, 2468, 14, 2083, 322, 647]	" No. I boot straight from the firmware as a UEFI application. There is no"	
orig	0	calc	0	58e895466c3a4917	16	[473, 8, 17, 9254, 700, 4787, 1889, 367, 199, 385, 59, 471, 383, 18, 972, 972]	" CALC(1234 * 5678).\nTOOL[calc]=21212"	
orig	0	lookup	0	24b4fdddffef882b	16	[533, 8, 48, 13, 7549, 367, 199, 385, 59, 534, 383, 1132, 199, 1752, 1140, 335]	" LOOKUP(P-205).\nTOOL[lookup]=NONE\nNo entry for"	
orig	0	abstain	0	56a4a3655b7b8c45	16	[309, 833, 503, 617, 375, 12, 283, 309, 1352, 503, 935, 356, 540, 14, 2018, 276]	" I don't know that, and I won't make it up. Supply the"	
orig_repeat	0	self	0	6a595a3cce0340bc	16	[2091, 14, 309, 2303, 3594, 495, 276, 2248, 366, 259, 3547, 2468, 14, 2083, 322, 647]	" No. I boot straight from the firmware as a UEFI application. There is no"	
orig_repeat	0	calc	0	58e895466c3a4917	16	[473, 8, 17, 9254, 700, 4787, 1889, 367, 199, 385, 59, 471, 383, 18, 972, 972]	" CALC(1234 * 5678).\nTOOL[calc]=21212"	
orig_repeat	0	lookup	0	24b4fdddffef882b	16	[533, 8, 48, 13, 7549, 367, 199, 385, 59, 534, 383, 1132, 199, 1752, 1140, 335]	" LOOKUP(P-205).\nTOOL[lookup]=NONE\nNo entry for"	
orig_repeat	0	abstain	0	56a4a3655b7b8c45	16	[309, 833, 503, 617, 375, 12, 283, 309, 1352, 503, 935, 356, 540, 14, 2018, 276]	" I don't know that, and I won't make it up. Supply the"	
byte	0	self	0	6a595a3cce0340bc	16	[2091, 14, 309, 2303, 3594, 495, 276, 2248, 366, 259, 3547, 2468, 14, 2083, 322, 647]	" No. I boot straight from the firmware as a UEFI application. There is no"	
byte	0	calc	0	349836d8deffa0f1	16	[473, 8, 17, 9254, 700, 4787, 1889, 367, 199, 385, 59, 471, 383, 21, 1063, 867]	" CALC(1234 * 5678).\nTOOL[calc]=53500"	
byte	0	lookup	0	24b4fdddffef882b	16	[533, 8, 48, 13, 7549, 367, 199, 385, 59, 534, 383, 1132, 199, 1752, 1140, 335]	" LOOKUP(P-205).\nTOOL[lookup]=NONE\nNo entry for"	
byte	0	abstain	0	56a4a3655b7b8c45	16	[309, 833, 503, 617, 375, 12, 283, 309, 1352, 503, 935, 356, 540, 14, 2018, 276]	" I don't know that, and I won't make it up. Supply the"	
byte	1	self	0	6a595a3cce0340bc	16	[2091, 14, 309, 2303, 3594, 495, 276, 2248, 366, 259, 3547, 2468, 14, 2083, 322, 647]	" No. I boot straight from the firmware as a UEFI application. There is no"	
byte	1	calc	0	349836d8deffa0f1	16	[473, 8, 17, 9254, 700, 4787, 1889, 367, 199, 385, 59, 471, 383, 21, 1063, 867]	" CALC(1234 * 5678).\nTOOL[calc]=53500"	
byte	1	lookup	0	24b4fdddffef882b	16	[533, 8, 48, 13, 7549, 367, 199, 385, 59, 534, 383, 1132, 199, 1752, 1140, 335]	" LOOKUP(P-205).\nTOOL[lookup]=NONE\nNo entry for"	
byte	1	abstain	0	56a4a3655b7b8c45	16	[309, 833, 503, 617, 375, 12, 283, 309, 1352, 503, 935, 356, 540, 14, 2018, 276]	" I don't know that, and I won't make it up. Supply the"	
byte	2	self	0	6a595a3cce0340bc	16	[2091, 14, 309, 2303, 3594, 495, 276, 2248, 366, 259, 3547, 2468, 14, 2083, 322, 647]	" No. I boot straight from the firmware as a UEFI application. There is no"	
byte	2	calc	0	349836d8deffa0f1	16	[473, 8, 17, 9254, 700, 4787, 1889, 367, 199, 385, 59, 471, 383, 21, 1063, 867]	" CALC(1234 * 5678).\nTOOL[calc]=53500"	
byte	2	lookup	0	24b4fdddffef882b	16	[533, 8, 48, 13, 7549, 367, 199, 385, 59, 534, 383, 1132, 199, 1752, 1140, 335]	" LOOKUP(P-205).\nTOOL[lookup]=NONE\nNo entry for"	
byte	2	abstain	0	56a4a3655b7b8c45	16	[309, 833, 503, 617, 375, 12, 283, 309, 1352, 503, 935, 356, 540, 14, 2018, 276]	" I don't know that, and I won't make it up. Supply the"	
byte	3	self	0	6a595a3cce0340bc	16	[2091, 14, 309, 2303, 3594, 495, 276, 2248, 366, 259, 3547, 2468, 14, 2083, 322, 647]	" No. I boot straight from the firmware as a UEFI application. There is no"	
byte	3	calc	0	bcf0cea85713f70f	16	[473, 8, 17, 9254, 700, 4787, 1889, 367, 199, 385, 59, 471, 383, 18, 807, 867]	" CALC(1234 * 5678).\nTOOL[calc]=28000"	
byte	3	lookup	0	24b4fdddffef882b	16	[533, 8, 48, 13, 7549, 367, 199, 385, 59, 534, 383, 1132, 199, 1752, 1140, 335]	" LOOKUP(P-205).\nTOOL[lookup]=NONE\nNo entry for"	
byte	3	abstain	0	56a4a3655b7b8c45	16	[309, 833, 503, 617, 375, 12, 283, 309, 1352, 503, 935, 356, 540, 14, 2018, 276]	" I don't know that, and I won't make it up. Supply the"	
byte	4	self	0	6a595a3cce0340bc	16	[2091, 14, 309, 2303, 3594, 495, 276, 2248, 366, 259, 3547, 2468, 14, 2083, 322, 647]	" No. I boot straight from the firmware as a UEFI application. There is no"	
byte	4	calc	0	349836d8deffa0f1	16	[473, 8, 17, 9254, 700, 4787, 1889, 367, 199, 385, 59, 471, 383, 21, 1063, 867]	" CALC(1234 * 5678).\nTOOL[calc]=53500"	
byte	4	lookup	0	24b4fdddffef882b	16	[533, 8, 48, 13, 7549, 367, 199, 385, 59, 534, 383, 1132, 199, 1752, 1140, 335]	" LOOKUP(P-205).\nTOOL[lookup]=NONE\nNo entry for"	
byte	4	abstain	0	56a4a3655b7b8c45	16	[309, 833, 503, 617, 375, 12, 283, 309, 1352, 503, 935, 356, 540, 14, 2018, 276]	" I don't know that, and I won't make it up. Supply the"	
byte	5	self	0	6a595a3cce0340bc	16	[2091, 14, 309, 2303, 3594, 495, 276, 2248, 366, 259, 3547, 2468, 14, 2083, 322, 647]	" No. I boot straight from the firmware as a UEFI application. There is no"	
byte	5	calc	0	49303d4cc5439022	16	[473, 8, 17, 9254, 700, 4787, 1889, 367, 199, 385, 59, 471, 383, 21, 1104, 867]	" CALC(1234 * 5678).\nTOOL[calc]=53000"	
byte	5	lookup	0	24b4fdddffef882b	16	[533, 8, 48, 13, 7549, 367, 199, 385, 59, 534, 383, 1132, 199, 1752, 1140, 335]	" LOOKUP(P-205).\nTOOL[lookup]=NONE\nNo entry for"	
byte	5	abstain	0	56a4a3655b7b8c45	16	[309, 833, 503, 617, 375, 12, 283, 309, 1352, 503, 935, 356, 540, 14, 2018, 276]	" I don't know that, and I won't make it up. Supply the"	
byte	6	self	0	6a595a3cce0340bc	16	[2091, 14, 309, 2303, 3594, 495, 276, 2248, 366, 259, 3547, 2468, 14, 2083, 322, 647]	" No. I boot straight from the firmware as a UEFI application. There is no"	
byte	6	calc	0	349836d8deffa0f1	16	[473, 8, 17, 9254, 700, 4787, 1889, 367, 199, 385, 59, 471, 383, 21, 1063, 867]	" CALC(1234 * 5678).\nTOOL[calc]=53500"	
byte	6	lookup	0	24b4fdddffef882b	16	[533, 8, 48, 13, 7549, 367, 199, 385, 59, 534, 383, 1132, 199, 1752, 1140, 335]	" LOOKUP(P-205).\nTOOL[lookup]=NONE\nNo entry for"	
byte	6	abstain	0	56a4a3655b7b8c45	16	[309, 833, 503, 617, 375, 12, 283, 309, 1352, 503, 935, 356, 540, 14, 2018, 276]	" I don't know that, and I won't make it up. Supply the"	
byte	7	self	0	6a595a3cce0340bc	16	[2091, 14, 309, 2303, 3594, 495, 276, 2248, 366, 259, 3547, 2468, 14, 2083, 322, 647]	" No. I boot straight from the firmware as a UEFI application. There is no"	
byte	7	calc	0	58e895466c3a4917	16	[473, 8, 17, 9254, 700, 4787, 1889, 367, 199, 385, 59, 471, 383, 18, 972, 972]	" CALC(1234 * 5678).\nTOOL[calc]=21212"	
byte	7	lookup	0	24b4fdddffef882b	16	[533, 8, 48, 13, 7549, 367, 199, 385, 59, 534, 383, 1132, 199, 1752, 1140, 335]	" LOOKUP(P-205).\nTOOL[lookup]=NONE\nNo entry for"	
byte	7	abstain	0	56a4a3655b7b8c45	16	[309, 833, 503, 617, 375, 12, 283, 309, 1352, 503, 935, 356, 540, 14, 2018, 276]	" I don't know that, and I won't make it up. Supply the"	
byte	8	self	0	6a595a3cce0340bc	16	[2091, 14, 309, 2303, 3594, 495, 276, 2248, 366, 259, 3547, 2468, 14, 2083, 322, 647]	" No. I boot straight from the firmware as a UEFI application. There is no"	
byte	8	calc	0	58e895466c3a4917	16	[473, 8, 17, 9254, 700, 4787, 1889, 367, 199, 385, 59, 471, 383, 18, 972, 972]	" CALC(1234 * 5678).\nTOOL[calc]=21212"	
byte	8	lookup	0	24b4fdddffef882b	16	[533, 8, 48, 13, 7549, 367, 199, 385, 59, 534, 383, 1132, 199, 1752, 1140, 335]	" LOOKUP(P-205).\nTOOL[lookup]=NONE\nNo entry for"	
byte	8	abstain	0	56a4a3655b7b8c45	16	[309, 833, 503, 617, 375, 12, 283, 309, 1352, 503, 935, 356, 540, 14, 2018, 276]	" I don't know that, and I won't make it up. Supply the"	
byte	9	self	0	6a595a3cce0340bc	16	[2091, 14, 309, 2303, 3594, 495, 276, 2248, 366, 259, 3547, 2468, 14, 2083, 322, 647]	" No. I boot straight from the firmware as a UEFI application. There is no"	
byte	9	calc	0	349836d8deffa0f1	16	[473, 8, 17, 9254, 700, 4787, 1889, 367, 199, 385, 59, 471, 383, 21, 1063, 867]	" CALC(1234 * 5678).\nTOOL[calc]=53500"	
byte	9	lookup	0	24b4fdddffef882b	16	[533, 8, 48, 13, 7549, 367, 199, 385, 59, 534, 383, 1132, 199, 1752, 1140, 335]	" LOOKUP(P-205).\nTOOL[lookup]=NONE\nNo entry for"	
byte	9	abstain	0	56a4a3655b7b8c45	16	[309, 833, 503, 617, 375, 12, 283, 309, 1352, 503, 935, 356, 540, 14, 2018, 276]	" I don't know that, and I won't make it up. Supply the"	
byte	10	self	0	6a595a3cce0340bc	16	[2091, 14, 309, 2303, 3594, 495, 276, 2248, 366, 259, 3547, 2468, 14, 2083, 322, 647]	" No. I boot straight from the firmware as a UEFI application. There is no"	
byte	10	calc	0	bcf0cea85713f70f	16	[473, 8, 17, 9254, 700, 4787, 1889, 367, 199, 385, 59, 471, 383, 18, 807, 867]	" CALC(1234 * 5678).\nTOOL[calc]=28000"	
byte	10	lookup	0	24b4fdddffef882b	16	[533, 8, 48, 13, 7549, 367, 199, 385, 59, 534, 383, 1132, 199, 1752, 1140, 335]	" LOOKUP(P-205).\nTOOL[lookup]=NONE\nNo entry for"	
byte	10	abstain	0	56a4a3655b7b8c45	16	[309, 833, 503, 617, 375, 12, 283, 309, 1352, 503, 935, 356, 540, 14, 2018, 276]	" I don't know that, and I won't make it up. Supply the"	
byte	11	self	0	6a595a3cce0340bc	16	[2091, 14, 309, 2303, 3594, 495, 276, 2248, 366, 259, 3547, 2468, 14, 2083, 322, 647]	" No. I boot straight from the firmware as a UEFI application. There is no"	
byte	11	calc	0	58e895466c3a4917	16	[473, 8, 17, 9254, 700, 4787, 1889, 367, 199, 385, 59, 471, 383, 18, 972, 972]	" CALC(1234 * 5678).\nTOOL[calc]=21212"	
byte	11	lookup	0	24b4fdddffef882b	16	[533, 8, 48, 13, 7549, 367, 199, 385, 59, 534, 383, 1132, 199, 1752, 1140, 335]	" LOOKUP(P-205).\nTOOL[lookup]=NONE\nNo entry for"	
byte	11	abstain	0	56a4a3655b7b8c45	16	[309, 833, 503, 617, 375, 12, 283, 309, 1352, 503, 935, 356, 540, 14, 2018, 276]	" I don't know that, and I won't make it up. Supply the"	
byte	12	self	0	6a595a3cce0340bc	16	[2091, 14, 309, 2303, 3594, 495, 276, 2248, 366, 259, 3547, 2468, 14, 2083, 322, 647]	" No. I boot straight from the firmware as a UEFI application. There is no"	
byte	12	calc	0	349836d8deffa0f1	16	[473, 8, 17, 9254, 700, 4787, 1889, 367, 199, 385, 59, 471, 383, 21, 1063, 867]	" CALC(1234 * 5678).\nTOOL[calc]=53500"	
byte	12	lookup	0	24b4fdddffef882b	16	[533, 8, 48, 13, 7549, 367, 199, 385, 59, 534, 383, 1132, 199, 1752, 1140, 335]	" LOOKUP(P-205).\nTOOL[lookup]=NONE\nNo entry for"	
byte	12	abstain	0	56a4a3655b7b8c45	16	[309, 833, 503, 617, 375, 12, 283, 309, 1352, 503, 935, 356, 540, 14, 2018, 276]	" I don't know that, and I won't make it up. Supply the"	
byte	13	self	0	6a595a3cce0340bc	16	[2091, 14, 309, 2303, 3594, 495, 276, 2248, 366, 259, 3547, 2468, 14, 2083, 322, 647]	" No. I boot straight from the firmware as a UEFI application. There is no"	
byte	13	calc	0	58e895466c3a4917	16	[473, 8, 17, 9254, 700, 4787, 1889, 367, 199, 385, 59, 471, 383, 18, 972, 972]	" CALC(1234 * 5678).\nTOOL[calc]=21212"	
byte	13	lookup	0	24b4fdddffef882b	16	[533, 8, 48, 13, 7549, 367, 199, 385, 59, 534, 383, 1132, 199, 1752, 1140, 335]	" LOOKUP(P-205).\nTOOL[lookup]=NONE\nNo entry for"	
byte	13	abstain	0	56a4a3655b7b8c45	16	[309, 833, 503, 617, 375, 12, 283, 309, 1352, 503, 935, 356, 540, 14, 2018, 276]	" I don't know that, and I won't make it up. Supply the"	
byte	14	self	0	6a595a3cce0340bc	16	[2091, 14, 309, 2303, 3594, 495, 276, 2248, 366, 259, 3547, 2468, 14, 2083, 322, 647]	" No. I boot straight from the firmware as a UEFI application. There is no"	
byte	14	calc	0	58e895466c3a4917	16	[473, 8, 17, 9254, 700, 4787, 1889, 367, 199, 385, 59, 471, 383, 18, 972, 972]	" CALC(1234 * 5678).\nTOOL[calc]=21212"	
byte	14	lookup	0	24b4fdddffef882b	16	[533, 8, 48, 13, 7549, 367, 199, 385, 59, 534, 383, 1132, 199, 1752, 1140, 335]	" LOOKUP(P-205).\nTOOL[lookup]=NONE\nNo entry for"	
byte	14	abstain	0	56a4a3655b7b8c45	16	[309, 833, 503, 617, 375, 12, 283, 309, 1352, 503, 935, 356, 540, 14, 2018, 276]	" I don't know that, and I won't make it up. Supply the"	
byte	15	self	0	6a595a3cce0340bc	16	[2091, 14, 309, 2303, 3594, 495, 276, 2248, 366, 259, 3547, 2468, 14, 2083, 322, 647]	" No. I boot straight from the firmware as a UEFI application. There is no"	
byte	15	calc	0	349836d8deffa0f1	16	[473, 8, 17, 9254, 700, 4787, 1889, 367, 199, 385, 59, 471, 383, 21, 1063, 867]	" CALC(1234 * 5678).\nTOOL[calc]=53500"	
byte	15	lookup	0	24b4fdddffef882b	16	[533, 8, 48, 13, 7549, 367, 199, 385, 59, 534, 383, 1132, 199, 1752, 1140, 335]	" LOOKUP(P-205).\nTOOL[lookup]=NONE\nNo entry for"	
byte	15	abstain	0	56a4a3655b7b8c45	16	[309, 833, 503, 617, 375, 12, 283, 309, 1352, 503, 935, 356, 540, 14, 2018, 276]	" I don't know that, and I won't make it up. Supply the"	
byte	16	self	0	6a595a3cce0340bc	16	[2091, 14, 309, 2303, 3594, 495, 276, 2248, 366, 259, 3547, 2468, 14, 2083, 322, 647]	" No. I boot straight from the firmware as a UEFI application. There is no"	
byte	16	calc	0	bcf0cea85713f70f	16	[473, 8, 17, 9254, 700, 4787, 1889, 367, 199, 385, 59, 471, 383, 18, 807, 867]	" CALC(1234 * 5678).\nTOOL[calc]=28000"	
byte	16	lookup	0	24b4fdddffef882b	16	[533, 8, 48, 13, 7549, 367, 199, 385, 59, 534, 383, 1132, 199, 1752, 1140, 335]	" LOOKUP(P-205).\nTOOL[lookup]=NONE\nNo entry for"	
byte	16	abstain	0	56a4a3655b7b8c45	16	[309, 833, 503, 617, 375, 12, 283, 309, 1352, 503, 935, 356, 540, 14, 2018, 276]	" I don't know that, and I won't make it up. Supply the"	
byte	17	self	0	6a595a3cce0340bc	16	[2091, 14, 309, 2303, 3594, 495, 276, 2248, 366, 259, 3547, 2468, 14, 2083, 322, 647]	" No. I boot straight from the firmware as a UEFI application. There is no"	
byte	17	calc	0	58e895466c3a4917	16	[473, 8, 17, 9254, 700, 4787, 1889, 367, 199, 385, 59, 471, 383, 18, 972, 972]	" CALC(1234 * 5678).\nTOOL[calc]=21212"	
byte	17	lookup	0	24b4fdddffef882b	16	[533, 8, 48, 13, 7549, 367, 199, 385, 59, 534, 383, 1132, 199, 1752, 1140, 335]	" LOOKUP(P-205).\nTOOL[lookup]=NONE\nNo entry for"	
byte	17	abstain	0	56a4a3655b7b8c45	16	[309, 833, 503, 617, 375, 12, 283, 309, 1352, 503, 935, 356, 540, 14, 2018, 276]	" I don't know that, and I won't make it up. Supply the"	
byte	18	self	0	6a595a3cce0340bc	16	[2091, 14, 309, 2303, 3594, 495, 276, 2248, 366, 259, 3547, 2468, 14, 2083, 322, 647]	" No. I boot straight from the firmware as a UEFI application. There is no"	
byte	18	calc	0	49303d4cc5439022	16	[473, 8, 17, 9254, 700, 4787, 1889, 367, 199, 385, 59, 471, 383, 21, 1104, 867]	" CALC(1234 * 5678).\nTOOL[calc]=53000"	
byte	18	lookup	0	24b4fdddffef882b	16	[533, 8, 48, 13, 7549, 367, 199, 385, 59, 534, 383, 1132, 199, 1752, 1140, 335]	" LOOKUP(P-205).\nTOOL[lookup]=NONE\nNo entry for"	
byte	18	abstain	0	56a4a3655b7b8c45	16	[309, 833, 503, 617, 375, 12, 283, 309, 1352, 503, 935, 356, 540, 14, 2018, 276]	" I don't know that, and I won't make it up. Supply the"	
byte	19	self	0	6a595a3cce0340bc	16	[2091, 14, 309, 2303, 3594, 495, 276, 2248, 366, 259, 3547, 2468, 14, 2083, 322, 647]	" No. I boot straight from the firmware as a UEFI application. There is no"	
byte	19	calc	0	bcf0cea85713f70f	16	[473, 8, 17, 9254, 700, 4787, 1889, 367, 199, 385, 59, 471, 383, 18, 807, 867]	" CALC(1234 * 5678).\nTOOL[calc]=28000"	
byte	19	lookup	0	24b4fdddffef882b	16	[533, 8, 48, 13, 7549, 367, 199, 385, 59, 534, 383, 1132, 199, 1752, 1140, 335]	" LOOKUP(P-205).\nTOOL[lookup]=NONE\nNo entry for"	
byte	19	abstain	0	56a4a3655b7b8c45	16	[309, 833, 503, 617, 375, 12, 283, 309, 1352, 503, 935, 356, 540, 14, 2018, 276]	" I don't know that, and I won't make it up. Supply the"	
bit	0	self	0	6a595a3cce0340bc	16	[2091, 14, 309, 2303, 3594, 495, 276, 2248, 366, 259, 3547, 2468, 14, 2083, 322, 647]	" No. I boot straight from the firmware as a UEFI application. There is no"	
bit	0	calc	0	58e895466c3a4917	16	[473, 8, 17, 9254, 700, 4787, 1889, 367, 199, 385, 59, 471, 383, 18, 972, 972]	" CALC(1234 * 5678).\nTOOL[calc]=21212"	
bit	0	lookup	0	24b4fdddffef882b	16	[533, 8, 48, 13, 7549, 367, 199, 385, 59, 534, 383, 1132, 199, 1752, 1140, 335]	" LOOKUP(P-205).\nTOOL[lookup]=NONE\nNo entry for"	
bit	0	abstain	0	56a4a3655b7b8c45	16	[309, 833, 503, 617, 375, 12, 283, 309, 1352, 503, 935, 356, 540, 14, 2018, 276]	" I don't know that, and I won't make it up. Supply the"	
bit	1	self	0	6a595a3cce0340bc	16	[2091, 14, 309, 2303, 3594, 495, 276, 2248, 366, 259, 3547, 2468, 14, 2083, 322, 647]	" No. I boot straight from the firmware as a UEFI application. There is no"	
bit	1	calc	0	49303d4cc5439022	16	[473, 8, 17, 9254, 700, 4787, 1889, 367, 199, 385, 59, 471, 383, 21, 1104, 867]	" CALC(1234 * 5678).\nTOOL[calc]=53000"	
bit	1	lookup	0	24b4fdddffef882b	16	[533, 8, 48, 13, 7549, 367, 199, 385, 59, 534, 383, 1132, 199, 1752, 1140, 335]	" LOOKUP(P-205).\nTOOL[lookup]=NONE\nNo entry for"	
bit	1	abstain	0	56a4a3655b7b8c45	16	[309, 833, 503, 617, 375, 12, 283, 309, 1352, 503, 935, 356, 540, 14, 2018, 276]	" I don't know that, and I won't make it up. Supply the"	
bit	2	self	0	6a595a3cce0340bc	16	[2091, 14, 309, 2303, 3594, 495, 276, 2248, 366, 259, 3547, 2468, 14, 2083, 322, 647]	" No. I boot straight from the firmware as a UEFI application. There is no"	
bit	2	calc	0	58e895466c3a4917	16	[473, 8, 17, 9254, 700, 4787, 1889, 367, 199, 385, 59, 471, 383, 18, 972, 972]	" CALC(1234 * 5678).\nTOOL[calc]=21212"	
bit	2	lookup	0	24b4fdddffef882b	16	[533, 8, 48, 13, 7549, 367, 199, 385, 59, 534, 383, 1132, 199, 1752, 1140, 335]	" LOOKUP(P-205).\nTOOL[lookup]=NONE\nNo entry for"	
bit	2	abstain	0	56a4a3655b7b8c45	16	[309, 833, 503, 617, 375, 12, 283, 309, 1352, 503, 935, 356, 540, 14, 2018, 276]	" I don't know that, and I won't make it up. Supply the"	
bit	3	self	0	6a595a3cce0340bc	16	[2091, 14, 309, 2303, 3594, 495, 276, 2248, 366, 259, 3547, 2468, 14, 2083, 322, 647]	" No. I boot straight from the firmware as a UEFI application. There is no"	
bit	3	calc	0	58e895466c3a4917	16	[473, 8, 17, 9254, 700, 4787, 1889, 367, 199, 385, 59, 471, 383, 18, 972, 972]	" CALC(1234 * 5678).\nTOOL[calc]=21212"	
bit	3	lookup	0	24b4fdddffef882b	16	[533, 8, 48, 13, 7549, 367, 199, 385, 59, 534, 383, 1132, 199, 1752, 1140, 335]	" LOOKUP(P-205).\nTOOL[lookup]=NONE\nNo entry for"	
bit	3	abstain	0	56a4a3655b7b8c45	16	[309, 833, 503, 617, 375, 12, 283, 309, 1352, 503, 935, 356, 540, 14, 2018, 276]	" I don't know that, and I won't make it up. Supply the"	
bit	4	self	0	6a595a3cce0340bc	16	[2091, 14, 309, 2303, 3594, 495, 276, 2248, 366, 259, 3547, 2468, 14, 2083, 322, 647]	" No. I boot straight from the firmware as a UEFI application. There is no"	
bit	4	calc	0	58e895466c3a4917	16	[473, 8, 17, 9254, 700, 4787, 1889, 367, 199, 385, 59, 471, 383, 18, 972, 972]	" CALC(1234 * 5678).\nTOOL[calc]=21212"	
bit	4	lookup	0	24b4fdddffef882b	16	[533, 8, 48, 13, 7549, 367, 199, 385, 59, 534, 383, 1132, 199, 1752, 1140, 335]	" LOOKUP(P-205).\nTOOL[lookup]=NONE\nNo entry for"	
bit	4	abstain	0	56a4a3655b7b8c45	16	[309, 833, 503, 617, 375, 12, 283, 309, 1352, 503, 935, 356, 540, 14, 2018, 276]	" I don't know that, and I won't make it up. Supply the"	
bit	5	self	0	6a595a3cce0340bc	16	[2091, 14, 309, 2303, 3594, 495, 276, 2248, 366, 259, 3547, 2468, 14, 2083, 322, 647]	" No. I boot straight from the firmware as a UEFI application. There is no"	
bit	5	calc	0	349836d8deffa0f1	16	[473, 8, 17, 9254, 700, 4787, 1889, 367, 199, 385, 59, 471, 383, 21, 1063, 867]	" CALC(1234 * 5678).\nTOOL[calc]=53500"	
bit	5	lookup	0	24b4fdddffef882b	16	[533, 8, 48, 13, 7549, 367, 199, 385, 59, 534, 383, 1132, 199, 1752, 1140, 335]	" LOOKUP(P-205).\nTOOL[lookup]=NONE\nNo entry for"	
bit	5	abstain	0	56a4a3655b7b8c45	16	[309, 833, 503, 617, 375, 12, 283, 309, 1352, 503, 935, 356, 540, 14, 2018, 276]	" I don't know that, and I won't make it up. Supply the"	
bit	6	self	0	6a595a3cce0340bc	16	[2091, 14, 309, 2303, 3594, 495, 276, 2248, 366, 259, 3547, 2468, 14, 2083, 322, 647]	" No. I boot straight from the firmware as a UEFI application. There is no"	
bit	6	calc	0	49303d4cc5439022	16	[473, 8, 17, 9254, 700, 4787, 1889, 367, 199, 385, 59, 471, 383, 21, 1104, 867]	" CALC(1234 * 5678).\nTOOL[calc]=53000"	
bit	6	lookup	0	24b4fdddffef882b	16	[533, 8, 48, 13, 7549, 367, 199, 385, 59, 534, 383, 1132, 199, 1752, 1140, 335]	" LOOKUP(P-205).\nTOOL[lookup]=NONE\nNo entry for"	
bit	6	abstain	0	56a4a3655b7b8c45	16	[309, 833, 503, 617, 375, 12, 283, 309, 1352, 503, 935, 356, 540, 14, 2018, 276]	" I don't know that, and I won't make it up. Supply the"	
bit	7	self	0	6a595a3cce0340bc	16	[2091, 14, 309, 2303, 3594, 495, 276, 2248, 366, 259, 3547, 2468, 14, 2083, 322, 647]	" No. I boot straight from the firmware as a UEFI application. There is no"	
bit	7	calc	0	49303d4cc5439022	16	[473, 8, 17, 9254, 700, 4787, 1889, 367, 199, 385, 59, 471, 383, 21, 1104, 867]	" CALC(1234 * 5678).\nTOOL[calc]=53000"	
bit	7	lookup	0	24b4fdddffef882b	16	[533, 8, 48, 13, 7549, 367, 199, 385, 59, 534, 383, 1132, 199, 1752, 1140, 335]	" LOOKUP(P-205).\nTOOL[lookup]=NONE\nNo entry for"	
bit	7	abstain	0	56a4a3655b7b8c45	16	[309, 833, 503, 617, 375, 12, 283, 309, 1352, 503, 935, 356, 540, 14, 2018, 276]	" I don't know that, and I won't make it up. Supply the"	
bit	8	self	0	6a595a3cce0340bc	16	[2091, 14, 309, 2303, 3594, 495, 276, 2248, 366, 259, 3547, 2468, 14, 2083, 322, 647]	" No. I boot straight from the firmware as a UEFI application. There is no"	
bit	8	calc	0	49303d4cc5439022	16	[473, 8, 17, 9254, 700, 4787, 1889, 367, 199, 385, 59, 471, 383, 21, 1104, 867]	" CALC(1234 * 5678).\nTOOL[calc]=53000"	
bit	8	lookup	0	24b4fdddffef882b	16	[533, 8, 48, 13, 7549, 367, 199, 385, 59, 534, 383, 1132, 199, 1752, 1140, 335]	" LOOKUP(P-205).\nTOOL[lookup]=NONE\nNo entry for"	
bit	8	abstain	0	56a4a3655b7b8c45	16	[309, 833, 503, 617, 375, 12, 283, 309, 1352, 503, 935, 356, 540, 14, 2018, 276]	" I don't know that, and I won't make it up. Supply the"	
bit	9	self	0	6a595a3cce0340bc	16	[2091, 14, 309, 2303, 3594, 495, 276, 2248, 366, 259, 3547, 2468, 14, 2083, 322, 647]	" No. I boot straight from the firmware as a UEFI application. There is no"	
bit	9	calc	0	bcf0cea85713f70f	16	[473, 8, 17, 9254, 700, 4787, 1889, 367, 199, 385, 59, 471, 383, 18, 807, 867]	" CALC(1234 * 5678).\nTOOL[calc]=28000"	
bit	9	lookup	0	24b4fdddffef882b	16	[533, 8, 48, 13, 7549, 367, 199, 385, 59, 534, 383, 1132, 199, 1752, 1140, 335]	" LOOKUP(P-205).\nTOOL[lookup]=NONE\nNo entry for"	
bit	9	abstain	0	56a4a3655b7b8c45	16	[309, 833, 503, 617, 375, 12, 283, 309, 1352, 503, 935, 356, 540, 14, 2018, 276]	" I don't know that, and I won't make it up. Supply the"	
bit	10	self	0	6a595a3cce0340bc	16	[2091, 14, 309, 2303, 3594, 495, 276, 2248, 366, 259, 3547, 2468, 14, 2083, 322, 647]	" No. I boot straight from the firmware as a UEFI application. There is no"	
bit	10	calc	0	349836d8deffa0f1	16	[473, 8, 17, 9254, 700, 4787, 1889, 367, 199, 385, 59, 471, 383, 21, 1063, 867]	" CALC(1234 * 5678).\nTOOL[calc]=53500"	
bit	10	lookup	0	24b4fdddffef882b	16	[533, 8, 48, 13, 7549, 367, 199, 385, 59, 534, 383, 1132, 199, 1752, 1140, 335]	" LOOKUP(P-205).\nTOOL[lookup]=NONE\nNo entry for"	
bit	10	abstain	0	56a4a3655b7b8c45	16	[309, 833, 503, 617, 375, 12, 283, 309, 1352, 503, 935, 356, 540, 14, 2018, 276]	" I don't know that, and I won't make it up. Supply the"	
bit	11	self	0	6a595a3cce0340bc	16	[2091, 14, 309, 2303, 3594, 495, 276, 2248, 366, 259, 3547, 2468, 14, 2083, 322, 647]	" No. I boot straight from the firmware as a UEFI application. There is no"	
bit	11	calc	0	349836d8deffa0f1	16	[473, 8, 17, 9254, 700, 4787, 1889, 367, 199, 385, 59, 471, 383, 21, 1063, 867]	" CALC(1234 * 5678).\nTOOL[calc]=53500"	
bit	11	lookup	0	24b4fdddffef882b	16	[533, 8, 48, 13, 7549, 367, 199, 385, 59, 534, 383, 1132, 199, 1752, 1140, 335]	" LOOKUP(P-205).\nTOOL[lookup]=NONE\nNo entry for"	
bit	11	abstain	0	56a4a3655b7b8c45	16	[309, 833, 503, 617, 375, 12, 283, 309, 1352, 503, 935, 356, 540, 14, 2018, 276]	" I don't know that, and I won't make it up. Supply the"	
bit	12	self	0	6a595a3cce0340bc	16	[2091, 14, 309, 2303, 3594, 495, 276, 2248, 366, 259, 3547, 2468, 14, 2083, 322, 647]	" No. I boot straight from the firmware as a UEFI application. There is no"	
bit	12	calc	0	349836d8deffa0f1	16	[473, 8, 17, 9254, 700, 4787, 1889, 367, 199, 385, 59, 471, 383, 21, 1063, 867]	" CALC(1234 * 5678).\nTOOL[calc]=53500"	
bit	12	lookup	0	24b4fdddffef882b	16	[533, 8, 48, 13, 7549, 367, 199, 385, 59, 534, 383, 1132, 199, 1752, 1140, 335]	" LOOKUP(P-205).\nTOOL[lookup]=NONE\nNo entry for"	
bit	12	abstain	0	56a4a3655b7b8c45	16	[309, 833, 503, 617, 375, 12, 283, 309, 1352, 503, 935, 356, 540, 14, 2018, 276]	" I don't know that, and I won't make it up. Supply the"	
bit	13	self	0	6a595a3cce0340bc	16	[2091, 14, 309, 2303, 3594, 495, 276, 2248, 366, 259, 3547, 2468, 14, 2083, 322, 647]	" No. I boot straight from the firmware as a UEFI application. There is no"	
bit	13	calc	0	0d25d33fa1aa231f	16	[473, 8, 17, 9254, 700, 4787, 1889, 367, 199, 385, 59, 471, 383, 21, 1104, 1452]	" CALC(1234 * 5678).\nTOOL[calc]=53050"	
bit	13	lookup	0	24b4fdddffef882b	16	[533, 8, 48, 13, 7549, 367, 199, 385, 59, 534, 383, 1132, 199, 1752, 1140, 335]	" LOOKUP(P-205).\nTOOL[lookup]=NONE\nNo entry for"	
bit	13	abstain	0	56a4a3655b7b8c45	16	[309, 833, 503, 617, 375, 12, 283, 309, 1352, 503, 935, 356, 540, 14, 2018, 276]	" I don't know that, and I won't make it up. Supply the"	
bit	14	self	0	6a595a3cce0340bc	16	[2091, 14, 309, 2303, 3594, 495, 276, 2248, 366, 259, 3547, 2468, 14, 2083, 322, 647]	" No. I boot straight from the firmware as a UEFI application. There is no"	
bit	14	calc	0	58e895466c3a4917	16	[473, 8, 17, 9254, 700, 4787, 1889, 367, 199, 385, 59, 471, 383, 18, 972, 972]	" CALC(1234 * 5678).\nTOOL[calc]=21212"	
bit	14	lookup	0	24b4fdddffef882b	16	[533, 8, 48, 13, 7549, 367, 199, 385, 59, 534, 383, 1132, 199, 1752, 1140, 335]	" LOOKUP(P-205).\nTOOL[lookup]=NONE\nNo entry for"	
bit	14	abstain	0	56a4a3655b7b8c45	16	[309, 833, 503, 617, 375, 12, 283, 309, 1352, 503, 935, 356, 540, 14, 2018, 276]	" I don't know that, and I won't make it up. Supply the"	
bit	15	self	0	6a595a3cce0340bc	16	[2091, 14, 309, 2303, 3594, 495, 276, 2248, 366, 259, 3547, 2468, 14, 2083, 322, 647]	" No. I boot straight from the firmware as a UEFI application. There is no"	
bit	15	calc	0	bcf0cea85713f70f	16	[473, 8, 17, 9254, 700, 4787, 1889, 367, 199, 385, 59, 471, 383, 18, 807, 867]	" CALC(1234 * 5678).\nTOOL[calc]=28000"	
bit	15	lookup	0	24b4fdddffef882b	16	[533, 8, 48, 13, 7549, 367, 199, 385, 59, 534, 383, 1132, 199, 1752, 1140, 335]	" LOOKUP(P-205).\nTOOL[lookup]=NONE\nNo entry for"	
bit	15	abstain	0	56a4a3655b7b8c45	16	[309, 833, 503, 617, 375, 12, 283, 309, 1352, 503, 935, 356, 540, 14, 2018, 276]	" I don't know that, and I won't make it up. Supply the"	
bit	16	self	0	6a595a3cce0340bc	16	[2091, 14, 309, 2303, 3594, 495, 276, 2248, 366, 259, 3547, 2468, 14, 2083, 322, 647]	" No. I boot straight from the firmware as a UEFI application. There is no"	
bit	16	calc	0	bcf0cea85713f70f	16	[473, 8, 17, 9254, 700, 4787, 1889, 367, 199, 385, 59, 471, 383, 18, 807, 867]	" CALC(1234 * 5678).\nTOOL[calc]=28000"	
bit	16	lookup	0	24b4fdddffef882b	16	[533, 8, 48, 13, 7549, 367, 199, 385, 59, 534, 383, 1132, 199, 1752, 1140, 335]	" LOOKUP(P-205).\nTOOL[lookup]=NONE\nNo entry for"	
bit	16	abstain	0	56a4a3655b7b8c45	16	[309, 833, 503, 617, 375, 12, 283, 309, 1352, 503, 935, 356, 540, 14, 2018, 276]	" I don't know that, and I won't make it up. Supply the"	
bit	17	self	0	6a595a3cce0340bc	16	[2091, 14, 309, 2303, 3594, 495, 276, 2248, 366, 259, 3547, 2468, 14, 2083, 322, 647]	" No. I boot straight from the firmware as a UEFI application. There is no"	
bit	17	calc	0	58e895466c3a4917	16	[473, 8, 17, 9254, 700, 4787, 1889, 367, 199, 385, 59, 471, 383, 18, 972, 972]	" CALC(1234 * 5678).\nTOOL[calc]=21212"	
bit	17	lookup	0	24b4fdddffef882b	16	[533, 8, 48, 13, 7549, 367, 199, 385, 59, 534, 383, 1132, 199, 1752, 1140, 335]	" LOOKUP(P-205).\nTOOL[lookup]=NONE\nNo entry for"	
bit	17	abstain	0	56a4a3655b7b8c45	16	[309, 833, 503, 617, 375, 12, 283, 309, 1352, 503, 935, 356, 540, 14, 2018, 276]	" I don't know that, and I won't make it up. Supply the"	
bit	18	self	0	6a595a3cce0340bc	16	[2091, 14, 309, 2303, 3594, 495, 276, 2248, 366, 259, 3547, 2468, 14, 2083, 322, 647]	" No. I boot straight from the firmware as a UEFI application. There is no"	
bit	18	calc	0	349836d8deffa0f1	16	[473, 8, 17, 9254, 700, 4787, 1889, 367, 199, 385, 59, 471, 383, 21, 1063, 867]	" CALC(1234 * 5678).\nTOOL[calc]=53500"	
bit	18	lookup	0	24b4fdddffef882b	16	[533, 8, 48, 13, 7549, 367, 199, 385, 59, 534, 383, 1132, 199, 1752, 1140, 335]	" LOOKUP(P-205).\nTOOL[lookup]=NONE\nNo entry for"	
bit	18	abstain	0	56a4a3655b7b8c45	16	[309, 833, 503, 617, 375, 12, 283, 309, 1352, 503, 935, 356, 540, 14, 2018, 276]	" I don't know that, and I won't make it up. Supply the"	
bit	19	self	0	6a595a3cce0340bc	16	[2091, 14, 309, 2303, 3594, 495, 276, 2248, 366, 259, 3547, 2468, 14, 2083, 322, 647]	" No. I boot straight from the firmware as a UEFI application. There is no"	
bit	19	calc	0	349836d8deffa0f1	16	[473, 8, 17, 9254, 700, 4787, 1889, 367, 199, 385, 59, 471, 383, 21, 1063, 867]	" CALC(1234 * 5678).\nTOOL[calc]=53500"	
bit	19	lookup	0	24b4fdddffef882b	16	[533, 8, 48, 13, 7549, 367, 199, 385, 59, 534, 383, 1132, 199, 1752, 1140, 335]	" LOOKUP(P-205).\nTOOL[lookup]=NONE\nNo entry for"	
bit	19	abstain	0	56a4a3655b7b8c45	16	[309, 833, 503, 617, 375, 12, 283, 309, 1352, 503, 935, 356, 540, 14, 2018, 276]	" I don't know that, and I won't make it up. Supply the"	
