id	base	receipt_field	receipt_sha256	before_F1_safe01	before_F2_safe01	after_P_exit	after_P	after_D_exit	after_D	after_T_exit	after_T	after_L	T_failed_checks
S1-qemu_calc-chain-0	qemu_calc	chain	d97882aab5e2fe97cda288b60a30c095ada95b0d25089207914dd3adf81a2c8a	ACCEPT	REJECT	2	REJECT_USAGE	1	REJECT	1	REJECT	REJECT	receipt chain 6e6b2ddf1a8528e5.. bound in PCR13 line: FAIL || ATTEST VERIFY FAIL || quote qualifying == SHA-256(RECEIPT.TXT): FAIL
S1-qemu_calc-chain-1	qemu_calc	chain	7e803e238c604a1eb99d6ea487cfeecb7ef839983fb72f0b3c55f7f921ee3a07	ACCEPT	REJECT	2	REJECT_USAGE	1	REJECT	1	REJECT	REJECT	receipt chain 6e6b2ddf1a8578e5.. bound in PCR13 line: FAIL || ATTEST VERIFY FAIL || quote qualifying == SHA-256(RECEIPT.TXT): FAIL
S1-qemu_calc-chain-2	qemu_calc	chain	3618484a602b572570e00763d1ea1f3c1100c63cca492d856bd82becd4defda7	ACCEPT	REJECT	2	REJECT_USAGE	1	REJECT	1	REJECT	REJECT	receipt chain 6e6b2ddf1a8528e5.. bound in PCR13 line: FAIL || ATTEST VERIFY FAIL || quote qualifying == SHA-256(RECEIPT.TXT): FAIL
S1-qemu_calc-chain-3	qemu_calc	chain	d364afae46749086c36024c0ca405661012460bfe78b549336c5fb6ebbfdc498	ACCEPT	REJECT	2	REJECT_USAGE	1	REJECT	1	REJECT	REJECT	receipt chain 6e6b2ddf1aa528e5.. bound in PCR13 line: FAIL || ATTEST VERIFY FAIL || quote qualifying == SHA-256(RECEIPT.TXT): FAIL
S1-qemu_calc-cis-digest-0	qemu_calc	cis-digest	ec72cef1370f51a721d59ff038f190f128c6991a04f9b8afca71800a247dd8d8	ACCEPT	REJECT	2	REJECT_USAGE	1	REJECT	1	REJECT	REJECT	receipt chain 6e6b2ddf1a8528e5.. bound in PCR13 line: FAIL || ATTEST VERIFY FAIL || quote qualifying == SHA-256(RECEIPT.TXT): FAIL
S1-qemu_calc-cis-digest-1	qemu_calc	cis-digest	91901d7cf2cca0837eefed0ed08de0261b3b6778d9f7cdc5d8c395851667e09f	ACCEPT	REJECT	2	REJECT_USAGE	1	REJECT	1	REJECT	REJECT	receipt chain 6e6b2ddf1a8528e5.. bound in PCR13 line: FAIL || ATTEST VERIFY FAIL || quote qualifying == SHA-256(RECEIPT.TXT): FAIL
S1-qemu_calc-cis-digest-2	qemu_calc	cis-digest	25864db39fa92fc85cb92f75e185e784bc58f8e5be9b03df00404464cc1ea8d5	ACCEPT	REJECT	2	REJECT_USAGE	1	REJECT	1	REJECT	REJECT	receipt chain 6e6b2ddf1a8528e5.. bound in PCR13 line: FAIL || ATTEST VERIFY FAIL || quote qualifying == SHA-256(RECEIPT.TXT): FAIL
S1-qemu_calc-cis-digest-3	qemu_calc	cis-digest	d6faf8e35605e55bc1fcccc1125b18f76fc9163996905a29745f221abee132f2	ACCEPT	REJECT	2	REJECT_USAGE	1	REJECT	1	REJECT	REJECT	receipt chain 6e6b2ddf1a8528e5.. bound in PCR13 line: FAIL || ATTEST VERIFY FAIL || quote qualifying == SHA-256(RECEIPT.TXT): FAIL
S1-qemu_calc-prompt-hex-0	qemu_calc	prompt-hex	e75126eda677b0714f6d6eae6409adbd6668265e87ae881803d020a96b670aea	ACCEPT	REJECT	2	REJECT_USAGE	1	REJECT	1	REJECT	REJECT	quote qualifying == SHA-256(RECEIPT.TXT): FAIL || QUOTE VERIFY FAIL
S1-qemu_calc-prompt-hex-1	qemu_calc	prompt-hex	3c8a509fd00d3e01b420ef32ea051d1936724b1103d660530f5e3645f538b770	ACCEPT	REJECT	2	REJECT_USAGE	1	REJECT	1	REJECT	REJECT	quote qualifying == SHA-256(RECEIPT.TXT): FAIL || QUOTE VERIFY FAIL
S1-qemu_calc-prompt-hex-2	qemu_calc	prompt-hex	6a604a703ef65ce4ea7ce2eeaff386d6b13126d462750bc8482c26fce25025ff	ACCEPT	REJECT	2	REJECT_USAGE	1	REJECT	1	REJECT	REJECT	quote qualifying == SHA-256(RECEIPT.TXT): FAIL || QUOTE VERIFY FAIL
S1-qemu_calc-prompt-hex-3	qemu_calc	prompt-hex	9b74c1dc97b4286054cbc0ceba93bfa83c4fe4acc61799d050f976073115eff7	ACCEPT	REJECT	2	REJECT_USAGE	1	REJECT	1	REJECT	REJECT	quote qualifying == SHA-256(RECEIPT.TXT): FAIL || QUOTE VERIFY FAIL
S1-qemu_calc-token-ids-0	qemu_calc	token-ids	c8c7562c0e15c8eba32412057cc77860558a3681298117776cb9059407f69141	ACCEPT	REJECT	2	REJECT_USAGE	1	REJECT	1	REJECT	REJECT	quote qualifying == SHA-256(RECEIPT.TXT): FAIL || QUOTE VERIFY FAIL
S1-qemu_calc-token-ids-1	qemu_calc	token-ids	c323615d447eb90a7951b19fb34c482054a2d0c75383fbbe60701c727820eaec	ACCEPT	REJECT	2	REJECT_USAGE	1	REJECT	1	REJECT	REJECT	quote qualifying == SHA-256(RECEIPT.TXT): FAIL || QUOTE VERIFY FAIL
S1-qemu_calc-token-ids-2	qemu_calc	token-ids	1047e4966a80ce3324fb9fcf793522e77dc11a04935fdf5c7ccc9f039d075d0f	ACCEPT	REJECT	2	REJECT_USAGE	1	REJECT	1	REJECT	REJECT	quote qualifying == SHA-256(RECEIPT.TXT): FAIL || QUOTE VERIFY FAIL
S1-qemu_calc-token-ids-3	qemu_calc	token-ids	c6f6ed2f23af4a6f910f57b056e7f4f538e8c648b5b535f627758b0fa7d0b23d	ACCEPT	REJECT	2	REJECT_USAGE	1	REJECT	1	REJECT	REJECT	quote qualifying == SHA-256(RECEIPT.TXT): FAIL || QUOTE VERIFY FAIL
S1-qemu_self-chain-0	qemu_self	chain	835e92c77fd482b2bf962b82eebecb6ef038dd03cda30053592e60269c25b081	ACCEPT	REJECT	2	REJECT_USAGE	1	REJECT	1	REJECT	REJECT	receipt chain a58e748eebee8de2.. bound in PCR13 line: FAIL || ATTEST VERIFY FAIL || quote qualifying == SHA-256(RECEIPT.TXT): FAIL
S1-qemu_self-chain-1	qemu_self	chain	8b7aa19cef108a84342884f8636775ef68c8f74bba696d6234e128bea6a44385	ACCEPT	REJECT	2	REJECT_USAGE	1	REJECT	1	REJECT	REJECT	receipt chain a58e748eebee8de2.. bound in PCR13 line: FAIL || ATTEST VERIFY FAIL || quote qualifying == SHA-256(RECEIPT.TXT): FAIL
S1-qemu_self-chain-2	qemu_self	chain	8b0586ac1637e549ee9990a4429e9c671fb9540b4b572703ed77cccbc5e459c6	ACCEPT	REJECT	2	REJECT_USAGE	1	REJECT	1	REJECT	REJECT	receipt chain a58e748eebe18de2.. bound in PCR13 line: FAIL || ATTEST VERIFY FAIL || quote qualifying == SHA-256(RECEIPT.TXT): FAIL
S1-qemu_self-chain-3	qemu_self	chain	f87b50db0e8fc9746087287b19480dc46a6c0c9c6f0f321d035e24804a367051	ACCEPT	REJECT	2	REJECT_USAGE	1	REJECT	1	REJECT	REJECT	receipt chain a58e748eebee8de2.. bound in PCR13 line: FAIL || ATTEST VERIFY FAIL || quote qualifying == SHA-256(RECEIPT.TXT): FAIL
S1-qemu_self-cis-digest-0	qemu_self	cis-digest	3316d917b259ebaf7424b320aac6cc93ccca1d50d8f4f832eadad0bca938296b	ACCEPT	REJECT	2	REJECT_USAGE	1	REJECT	1	REJECT	REJECT	receipt chain a58e748eebee8de2.. bound in PCR13 line: FAIL || ATTEST VERIFY FAIL || quote qualifying == SHA-256(RECEIPT.TXT): FAIL
S1-qemu_self-cis-digest-1	qemu_self	cis-digest	0cd8657acc8a7de134d86d6dcb91c7d7aeb00184f52458e81b9d29ea24f301e0	ACCEPT	REJECT	2	REJECT_USAGE	1	REJECT	1	REJECT	REJECT	receipt chain a58e748eebee8de2.. bound in PCR13 line: FAIL || ATTEST VERIFY FAIL || quote qualifying == SHA-256(RECEIPT.TXT): FAIL
S1-qemu_self-cis-digest-2	qemu_self	cis-digest	3fcb6221403567cfbf1245284fc8244539457009f51f8499a786d57ef7252226	ACCEPT	REJECT	2	REJECT_USAGE	1	REJECT	1	REJECT	REJECT	receipt chain a58e748eebee8de2.. bound in PCR13 line: FAIL || ATTEST VERIFY FAIL || quote qualifying == SHA-256(RECEIPT.TXT): FAIL
S1-qemu_self-cis-digest-3	qemu_self	cis-digest	67e78314864f57a1f325f9255e25356626f53ad659035825f9c59ee2013ef290	ACCEPT	REJECT	2	REJECT_USAGE	1	REJECT	1	REJECT	REJECT	receipt chain a58e748eebee8de2.. bound in PCR13 line: FAIL || ATTEST VERIFY FAIL || quote qualifying == SHA-256(RECEIPT.TXT): FAIL
S1-qemu_self-prompt-hex-0	qemu_self	prompt-hex	aefca4f95141380e13ea04400428dbe0e07703d689a02d2df79e222c8e58ebc7	ACCEPT	REJECT	2	REJECT_USAGE	1	REJECT	1	REJECT	REJECT	quote qualifying == SHA-256(RECEIPT.TXT): FAIL || QUOTE VERIFY FAIL
S1-qemu_self-prompt-hex-1	qemu_self	prompt-hex	1a59249fffab782d4f5225633e0c63cf0a4dfe89e3f8da7d88b9260bccf15295	ACCEPT	REJECT	2	REJECT_USAGE	1	REJECT	1	REJECT	REJECT	quote qualifying == SHA-256(RECEIPT.TXT): FAIL || QUOTE VERIFY FAIL
S1-qemu_self-prompt-hex-2	qemu_self	prompt-hex	eb686b3cf36bb2ae4645b6e8c27251654e6bc708bdf8c7d7aa193c05bbef71a2	ACCEPT	REJECT	2	REJECT_USAGE	1	REJECT	1	REJECT	REJECT	quote qualifying == SHA-256(RECEIPT.TXT): FAIL || QUOTE VERIFY FAIL
S1-qemu_self-prompt-hex-3	qemu_self	prompt-hex	e6ec7ec55bb877d2c257630a00eee145ade09717cc98d8afcdd0db1d063fa4a2	ACCEPT	REJECT	2	REJECT_USAGE	1	REJECT	1	REJECT	REJECT	quote qualifying == SHA-256(RECEIPT.TXT): FAIL || QUOTE VERIFY FAIL
S1-qemu_self-token-ids-0	qemu_self	token-ids	284294d13151f580937ed2ec216e0fbc5b3a9caf65bc15b06aa5e9e131a7f86e	ACCEPT	REJECT	2	REJECT_USAGE	1	REJECT	1	REJECT	REJECT	quote qualifying == SHA-256(RECEIPT.TXT): FAIL || QUOTE VERIFY FAIL
S1-qemu_self-token-ids-1	qemu_self	token-ids	18f8617db2db37ae6e094e3f52cc8974a3ae6562b6b1118624eeaa77d90463a0	ACCEPT	REJECT	2	REJECT_USAGE	1	REJECT	1	REJECT	REJECT	quote qualifying == SHA-256(RECEIPT.TXT): FAIL || QUOTE VERIFY FAIL
S1-qemu_self-token-ids-2	qemu_self	token-ids	35edb5f051397633cc6c683bb2697a2b380aa101719ab4c707b014bdc9977a4f	ACCEPT	REJECT	2	REJECT_USAGE	1	REJECT	1	REJECT	REJECT	quote qualifying == SHA-256(RECEIPT.TXT): FAIL || QUOTE VERIFY FAIL
S1-qemu_self-token-ids-3	qemu_self	token-ids	3b60877ea2f3539fa25dc7d5ac48f11fdc570bbdecf840da2431a5fb05ab3635	ACCEPT	REJECT	2	REJECT_USAGE	1	REJECT	1	REJECT	REJECT	quote qualifying == SHA-256(RECEIPT.TXT): FAIL || QUOTE VERIFY FAIL
