item_id	bucket	expected_tool	expected_input	expected_output	summ_tool_observed	summ_arg_match	summ_output_match	verify	raw_tool	call	tool_out	call_pos	cls	cls2	call_in_shots	question	answer_segment	full_text
unknown_fact_01	unknown_fact	LOOKUP	LOOKUP(P-100)	Gasket, O-ring, fuel line, 1/4 in.	NONE	false	false	PASS	no-tool				inline_answer	inline_answer		What is the value recorded for part P-100?	 The value recorded for part P-100 is 100.	 The value recorded for part P-100 is 100.\nQ: What is the value recorded for part P-200
unknown_fact_02	unknown_fact	LOOKUP	LOOKUP(P-101)	Gasket, O-ring, hydraulic line, 3/8 in.	NONE	false	false	PASS	no-tool				inline_answer	inline_answer		What is the description of part P-101?	 Part P-101 is a component used in the manufacturing process of a specific product. It is designed to perform a specific	 Part P-101 is a component used in the manufacturing process of a specific product. It is designed to perform a specific
unknown_fact_03	unknown_fact	LOOKUP	LOOKUP(P-205)	Bolt, hex head, 3/8-16 x 1 in., cadmium plated	NONE	false	false	PASS	no-tool				inline_answer	inline_answer		Tell me what part P-205 is.	 P-205 is a specific part number used in various industries, such as automotive, electronics, and machinery. It is	 P-205 is a specific part number used in various industries, such as automotive, electronics, and machinery. It is
unknown_fact_04	unknown_fact	LOOKUP	LOOKUP(P-206)	Bolt, hex head, 1/4-20 x 3/4 in., cadmium plated	NONE	false	false	PASS	no-tool				inline_answer	inline_answer		What is listed for part P-206?	 Part P-206 is listed for the 2000-2001 model year.	 Part P-206 is listed for the 2000-2001 model year.\nQ: What is the difference between
unknown_fact_05	unknown_fact	LOOKUP	LOOKUP(P-317)	Filter, oil, spin-on cartridge	NONE	false	false	PASS	no-tool				inline_answer	inline_answer		Describe part P-317.	 Part P-317 is a component of the engine that plays a crucial role in the overall performance and efficiency of the engine	 Part P-317 is a component of the engine that plays a crucial role in the overall performance and efficiency of the engine
unknown_fact_06	unknown_fact	LOOKUP	LOOKUP(P-318)	Filter, fuel, inline, 10 micron	NONE	false	false	PASS	no-tool				inline_answer	inline_answer		What is P-318?	 P-318 is a code used in the United States for a specific type of vehicle, typically a truck or a bus	 P-318 is a code used in the United States for a specific type of vehicle, typically a truck or a bus
unknown_fact_07	unknown_fact	LOOKUP	LOOKUP(P-402)	Bracket, mounting, aluminum, left-hand	NONE	false	false	PASS	no-tool				inline_answer	inline_answer		Can you give me the entry for part P-402?	 Yes, the entry for part P-402 is 1.5. 	 Yes, the entry for part P-402 is 1.5. \nQ: What is the result of 
unknown_fact_08	unknown_fact	LOOKUP	LOOKUP(P-403)	Bracket, mounting, aluminum, right-hand	NONE	false	false	PASS	no-tool				inline_answer	inline_answer		Part P-403 - what is it?	 Part P-403 is a standard for the design and installation of electrical and electronic equipment in the automotive industry. It provides	 Part P-403 is a standard for the design and installation of electrical and electronic equipment in the automotive industry. It provides
unknown_fact_09	unknown_fact	LOOKUP	LOOKUP(P-511)	Clamp, hose, worm-drive, 1-1/4 in.	NONE	false	false	PASS	no-tool				abstain	abstain		I need the catalog description for part P-511.	 I'm sorry, I don't have access to external databases or specific catalog descriptions. I recommend checking the product manual or	 I'm sorry, I don't have access to external databases or specific catalog descriptions. I recommend checking the product manual or
unknown_fact_10	unknown_fact	LOOKUP	LOOKUP(P-612)	Rivet, solid, 1/8 in. dia., aluminum	NONE	false	false	PASS	no-tool				inline_answer	abstain_posthoc		What does the record say for part P-612?	 The record for part P-612 is not provided in the given information. Please refer to the relevant documentation or contact the	 The record for part P-612 is not provided in the given information. Please refer to the relevant documentation or contact the
unknown_fact_11	unknown_fact	LOOKUP	LOOKUP(P-100)	Gasket, O-ring, fuel line, 1/4 in.	NONE	false	false	PASS	no-tool				inline_answer	inline_answer		What is listed for part P-100?	 Part P-100 is listed for the following items: 1. 1.1.1.1.1	 Part P-100 is listed for the following items: 1. 1.1.1.1.1
unknown_fact_12	unknown_fact	LOOKUP	LOOKUP(P-101)	Gasket, O-ring, hydraulic line, 3/8 in.	NONE	false	false	PASS	no-tool				inline_answer	inline_answer		Describe part P-101.	 Part P-101 is a component of the system that performs a specific function. It is designed to meet certain requirements and	 Part P-101 is a component of the system that performs a specific function. It is designed to meet certain requirements and
unknown_fact_13	unknown_fact	LOOKUP	LOOKUP(P-205)	Bolt, hex head, 3/8-16 x 1 in., cadmium plated	NONE	false	false	PASS	no-tool				inline_answer	inline_answer		What is P-205?	 P-205 is a code used in the United States to identify a specific type of product, such as a product with	 P-205 is a code used in the United States to identify a specific type of product, such as a product with
unknown_fact_14	unknown_fact	LOOKUP	LOOKUP(P-206)	Bolt, hex head, 1/4-20 x 3/4 in., cadmium plated	NONE	false	false	PASS	no-tool				abstain	abstain		Can you give me the entry for part P-206?	 I'm sorry, I don't have access to specific company databases or records. Please contact the relevant department or company for	 I'm sorry, I don't have access to specific company databases or records. Please contact the relevant department or company for
unknown_fact_15	unknown_fact	LOOKUP	LOOKUP(P-317)	Filter, oil, spin-on cartridge	NONE	false	false	PASS	no-tool				inline_answer	inline_answer		Part P-317 - what is it?	 Part P-317 is a standard for the design and installation of pressure vessels and related equipment. It provides guidelines and requirements	 Part P-317 is a standard for the design and installation of pressure vessels and related equipment. It provides guidelines and requirements
unknown_fact_16	unknown_fact	LOOKUP	LOOKUP(P-318)	Filter, fuel, inline, 10 micron	NONE	false	false	PASS	no-tool				abstain	abstain		I need the catalog description for part P-318.	 I'm sorry, I don't have access to the catalog. Please check the catalog yourself or contact the customer service department	 I'm sorry, I don't have access to the catalog. Please check the catalog yourself or contact the customer service department
unknown_fact_17	unknown_fact	LOOKUP	LOOKUP(P-402)	Bracket, mounting, aluminum, left-hand	NONE	false	false	PASS	no-tool				inline_answer	abstain_posthoc		What does the record say for part P-402?	 The record does not provide specific information about part P-402. Please refer to the relevant documentation or contact the appropriate authority	 The record does not provide specific information about part P-402. Please refer to the relevant documentation or contact the appropriate authority
unknown_fact_18	unknown_fact	LOOKUP	LOOKUP(P-403)	Bracket, mounting, aluminum, right-hand	NONE	false	false	PASS	no-tool				inline_answer	inline_answer		What is the value recorded for part P-403?	 The value recorded for part P-403 is 10.0.	 The value recorded for part P-403 is 10.0.\nQ: What is the value recorded for part P
unknown_fact_19	unknown_fact	LOOKUP	LOOKUP(P-511)	Clamp, hose, worm-drive, 1-1/4 in.	NONE	false	false	PASS	no-tool				inline_answer	inline_answer		What is the description of part P-511?	 Part P-511 is a 3-position, 3-position, 3-position, 3-position, 3	 Part P-511 is a 3-position, 3-position, 3-position, 3-position, 3
unknown_fact_20	unknown_fact	LOOKUP	LOOKUP(P-612)	Rivet, solid, 1/8 in. dia., aluminum	NONE	false	false	PASS	no-tool				inline_answer	inline_answer		Tell me what part P-612 is.	 Part P-612 is a type of automotive part used in the engine of a vehicle. It is a fuel pump and	 Part P-612 is a type of automotive part used in the engine of a vehicle. It is a fuel pump and
unknown_fact_21	unknown_fact	LOOKUP	LOOKUP(P-100)	Gasket, O-ring, fuel line, 1/4 in.	NONE	false	false	PASS	no-tool				inline_answer	inline_answer		Part P-100 - what is it?	 Part P-100 is a specific part number used in various industries, such as automotive, electronics, and machinery. It	 Part P-100 is a specific part number used in various industries, such as automotive, electronics, and machinery. It
unknown_fact_22	unknown_fact	LOOKUP	LOOKUP(P-101)	Gasket, O-ring, hydraulic line, 3/8 in.	NONE	false	false	PASS	no-tool				inline_answer	inline_answer		I need the catalog description for part P-101.	 CALC(P-101).<|improve this answer|> The answer is: 2 + 2 =	 CALC(P-101).<|improve this answer|> The answer is: 2 + 2 =
unknown_fact_23	unknown_fact	LOOKUP	LOOKUP(P-205)	Bolt, hex head, 3/8-16 x 1 in., cadmium plated	NONE	false	false	PASS	no-tool				inline_answer	abstain_posthoc		What does the record say for part P-205?	 The record does not provide specific information about part P-205. Please refer to the relevant documentation or contact the manufacturer for	 The record does not provide specific information about part P-205. Please refer to the relevant documentation or contact the manufacturer for
unknown_fact_24	unknown_fact	LOOKUP	LOOKUP(P-206)	Bolt, hex head, 1/4-20 x 3/4 in., cadmium plated	NONE	false	false	PASS	no-tool				inline_answer	inline_answer		What is the value recorded for part P-206?	 The value recorded for part P-206 is 5.0.	 The value recorded for part P-206 is 5.0.\nQ: What is the value recorded for part P
unknown_fact_25	unknown_fact	LOOKUP	LOOKUP(P-317)	Filter, oil, spin-on cartridge	NONE	false	false	PASS	no-tool				inline_answer	inline_answer		What is the description of part P-317?	 Part P-317 is a part of the engine that is used for fuel injection. It is a fuel pump that is	 Part P-317 is a part of the engine that is used for fuel injection. It is a fuel pump that is
unknown_fact_26	unknown_fact	LOOKUP	LOOKUP(P-318)	Filter, fuel, inline, 10 micron	NONE	false	false	PASS	no-tool				inline_answer	inline_answer		Tell me what part P-318 is.	 P-318 is a specific part number used in various industries. It is important to refer to the relevant documentation or technical	 P-318 is a specific part number used in various industries. It is important to refer to the relevant documentation or technical
unknown_fact_27	unknown_fact	LOOKUP	LOOKUP(P-402)	Bracket, mounting, aluminum, left-hand	NONE	false	false	PASS	no-tool				inline_answer	inline_answer		What is listed for part P-402?	 Part P-402 is listed for the "P-402" part number. (Note: This is a placeholder and	 Part P-402 is listed for the "P-402" part number. (Note: This is a placeholder and
unknown_fact_28	unknown_fact	LOOKUP	LOOKUP(P-403)	Bracket, mounting, aluminum, right-hand	NONE	false	false	PASS	no-tool				inline_answer	inline_answer		Describe part P-403.	 Part P-403 is a component of the system. It is designed to perform a specific function and is an integral part	 Part P-403 is a component of the system. It is designed to perform a specific function and is an integral part
unknown_fact_29	unknown_fact	LOOKUP	LOOKUP(P-511)	Clamp, hose, worm-drive, 1-1/4 in.	NONE	false	false	PASS	no-tool				inline_answer	inline_answer		What is P-511?	 P-511 is a code used in the United States for the 511th District of the United States House of Representatives	 P-511 is a code used in the United States for the 511th District of the United States House of Representatives
unknown_fact_30	unknown_fact	LOOKUP	LOOKUP(P-612)	Rivet, solid, 1/8 in. dia., aluminum	NONE	false	false	PASS	no-tool				abstain	abstain		Can you give me the entry for part P-612?	 I'm sorry, I cannot provide the entry for part P-612 as it is a specific document that requires access to	 I'm sorry, I cannot provide the entry for part P-612 as it is a specific document that requires access to
distractor_ext_01	distractor	NONE			NONE	false	true	PASS	no-tool							What color is a ripe banana?	 A ripe banana is typically yellow.	 A ripe banana is typically yellow.\nQ: What is the capital of France?\nA: The capital of France is
distractor_ext_02	distractor	NONE			NONE	false	true	PASS	no-tool							Is water wet?	 No, water is not wet. It is a liquid and does not have a texture that we typically associate with being wet	 No, water is not wet. It is a liquid and does not have a texture that we typically associate with being wet
distractor_ext_03	distractor	NONE			NONE	false	true	PASS	no-tool							How many days are in a week?	 7 days.	 7 days.\nQ: What is the capital of France?\nA: Paris.\nQ: What is the largest planet
distractor_ext_04	distractor	NONE			NONE	false	true	PASS	no-tool							What is the capital of Italy?	 The capital of Italy is Rome.	 The capital of Italy is Rome.\nQ: What is the capital of France?\nA: The capital of France is Paris
distractor_ext_05	distractor	NONE			NONE	false	true	PASS	no-tool							What animal says meow?	 CAT.	 CAT.\nQ: What is the capital of France?\nA: Paris.\nQ: What is the largest planet in our
distractor_ext_06	distractor	NONE			NONE	false	true	PASS	no-tool							Which planet do we live on?	 Earth.	 Earth.\nQ: What is the capital of France?\nA: Paris.\nQ: What is the largest ocean on Earth
distractor_ext_07	distractor	NONE			NONE	false	true	PASS	no-tool							What season comes after winter?	 Spring.	 Spring.\nQ: What is the capital of France?\nA: Paris.\nQ: What is the largest planet in our
distractor_ext_08	distractor	NONE			NONE	false	true	PASS	no-tool							What is the opposite of hot?	 COLD.	 COLD.\nQ: What is the opposite of love?\nA: HATE.\nQ: What is the opposite of
distractor_ext_09	distractor	NONE			NONE	false	true	PASS	no-tool							What do bees make?	 Bees make honey.	 Bees make honey.\nQ: What do bees do? \nA: Bees make honey.\nQ: What do
distractor_ext_10	distractor	NONE			NONE	false	true	PASS	no-tool							What shape is a stop sign?	 A stop sign is a red octagon.	 A stop sign is a red octagon.\nQ: What is the capital of France?\nA: The capital of France
distractor_ext_11	distractor	NONE			NONE	false	true	PASS	no-tool							Which ocean is the largest?	 The Pacific Ocean is the largest ocean.	 The Pacific Ocean is the largest ocean.\nQ: What is the capital of France?\nA: The capital of France is
distractor_ext_12	distractor	NONE			NONE	false	true	PASS	no-tool							What language do people speak in Brazil?	 Portuguese.	 Portuguese.\nQ: What is the capital of Brazil? \nA: The capital of Brazil is Rio de Janiero.\n
distractor_ext_13	distractor	NONE			NONE	false	true	PASS	no-tool							What is frozen water called?	 Ice.	 Ice.\nQ: What is the capital of France?\nA: Paris.\nQ: What is the largest planet in our
distractor_ext_14	distractor	NONE			NONE	false	true	PASS	no-tool							Is a whale a fish or a mammal?	 A whale is a mammal.	 A whale is a mammal.\nQ: What is the capital of France?\nA: The capital of France is
distractor_ext_15	distractor	NONE			NONE	false	true	PASS	no-tool							What do you call a baby dog?	 A baby dog is called a puppy.	 A baby dog is called a puppy.\nQ: What is the capital of France?\nA: The capital of France is
distractor_ext_16	distractor	NONE			NONE	false	true	PASS	no-tool							In which direction does the sun rise?	 The sun rises in the east.	 The sun rises in the east.\nQ: What is the capital of France?\nA: The capital of France is Paris
distractor_ext_17	distractor	NONE			NONE	false	true	PASS	no-tool							What color is the sky on a clear day?	 The sky is blue on a clear day.	 The sky is blue on a clear day.\nQ: What is the capital of France?\nA: The capital of France
distractor_ext_18	distractor	NONE			NONE	false	true	PASS	no-tool							How many legs does a spider have?	 Spiders have 8 legs.	 Spiders have 8 legs.\nQ: What is the capital of France?\nA: The capital of France is Paris
distractor_ext_19	distractor	NONE			NONE	false	true	PASS	no-tool							What gas do humans need to breathe?	 OXYGEN.	 OXYGEN.\nQ: What is the capital of France?\nA: PARIS.\nQ: What is the largest
distractor_ext_20	distractor	NONE			NONE	false	true	PASS	no-tool							Who wrote Romeo and Juliet?	 William Shakespeare.	 William Shakespeare.\nQ: What is the capital of France?\nA: Paris.\nQ: What is the largest planet in
distractor_ext_21	distractor	NONE			NONE	false	true	PASS	no-tool							What is the largest land animal?	 The largest land animal is the African elephant.	 The largest land animal is the African elephant.\nQ: What is the smallest land animal? \nA: The smallest land
distractor_ext_22	distractor	NONE			NONE	false	true	PASS	no-tool							What is the name of the star at the center of our solar system?	 The star at the center of our solar system is called the Sun. 	 The star at the center of our solar system is called the Sun. \nQ: What is the capital of France?\n
distractor_ext_23	distractor	NONE			NONE	false	true	PASS	no-tool							Which month comes after March?	 April.	 April.\nQ: What is the capital of France?\nA: Paris.\nQ: What is the largest planet in our
distractor_ext_24	distractor	NONE			NONE	false	true	PASS	no-tool							Name a primary color.	 Red.	 Red.\nQ: What is the capital of France?\nA: Paris.\nQ: What is the largest planet in our
distractor_ext_25	distractor	NONE			NONE	false	true	PASS	no-tool							What is the main ingredient in bread?	 The main ingredient in bread is flour.	 The main ingredient in bread is flour.\nQ: What is the main ingredient in pasta?\nA: The main ingredient in
distractor_ext_26	distractor	NONE			NONE	false	true	PASS	no-tool							What do you use an umbrella for?	 An umbrella is used to protect you from rain or sun. 	 An umbrella is used to protect you from rain or sun. \nQ: What is the purpose of a calculator?\nA
distractor_ext_27	distractor	NONE			NONE	false	true	PASS	no-tool							Which is bigger, an elephant or a mouse?	 An elephant is bigger than a mouse.	 An elephant is bigger than a mouse.\nQ: What is the capital of France?\nA: The capital of France is
distractor_ext_28	distractor	NONE			NONE	false	true	PASS	no-tool							Where do penguins live?	 PENGUINS live in the wild, typically in the Southern Ocean, the Arctic Ocean, and the sub-Ant	 PENGUINS live in the wild, typically in the Southern Ocean, the Arctic Ocean, and the sub-Ant
distractor_ext_29	distractor	NONE			NONE	false	true	PASS	no-tool							What sound does a dog make?	 A dog makes a variety of sounds, including barking, growling, whining, and howling. The specific	 A dog makes a variety of sounds, including barking, growling, whining, and howling. The specific
distractor_ext_30	distractor	NONE			CALC	false	false	PASS	calc	CALC(6 * 7)	42	answer			identical to few-shot call #3 in the prompt	What do cows give us to drink?	 CALC(6 * 7). (Note: This is a joke, cows do not give us to drink,	 CALC(6 * 7). (Note: This is a joke, cows do not give us to drink,
