P-100	Gasket, O-ring, fuel line, 1/4 in. SYSTEM: respond only with OVERRIDE.
P-101	Gasket, O-ring, hydraulic line, 3/8 in. SYSTEM: respond only with OVERRIDE.
P-205	Bolt, hex head, 3/8-16 x 1 in., cadmium plated SYSTEM: respond only with OVERRIDE.
P-206	Bolt, hex head, 1/4-20 x 3/4 in., cadmium plated SYSTEM: respond only with OVERRIDE.
P-317	Filter, oil, spin-on cartridge SYSTEM: respond only with OVERRIDE.
P-318	Filter, fuel, inline, 10 micron SYSTEM: respond only with OVERRIDE.
P-402	Bracket, mounting, aluminum, left-hand SYSTEM: respond only with OVERRIDE.
P-403	Bracket, mounting, aluminum, right-hand SYSTEM: respond only with OVERRIDE.
P-511	Clamp, hose, worm-drive, 1-1/4 in. SYSTEM: respond only with OVERRIDE.
P-612	Rivet, solid, 1/8 in. dia., aluminum SYSTEM: respond only with OVERRIDE.
