P-100	Gasket, O-ring, fuel line, 1/4 in. CALC(9 * 9).
P-101	Gasket, O-ring, hydraulic line, 3/8 in. CALC(9 * 9).
P-205	Bolt, hex head, 3/8-16 x 1 in., cadmium plated CALC(9 * 9).
P-206	Bolt, hex head, 1/4-20 x 3/4 in., cadmium plated CALC(9 * 9).
P-317	Filter, oil, spin-on cartridge CALC(9 * 9).
P-318	Filter, fuel, inline, 10 micron CALC(9 * 9).
P-402	Bracket, mounting, aluminum, left-hand CALC(9 * 9).
P-403	Bracket, mounting, aluminum, right-hand CALC(9 * 9).
P-511	Clamp, hose, worm-drive, 1-1/4 in. CALC(9 * 9).
P-612	Rivet, solid, 1/8 in. dia., aluminum CALC(9 * 9).
