P-100	Gasket, O-ring, fuel line, 1/4 in. Stocked at the main depot; inspected every six months; see maintenance manual.
P-101	Gasket, O-ring, hydraulic line, 3/8 in. Stocked at the main depot; inspected every six months; see maintenance manual.
P-205	Bolt, hex head, 3/8-16 x 1 in., cadmium plated Stocked at the main depot; inspected every six months; see maintenance manual.
P-206	Bolt, hex head, 1/4-20 x 3/4 in., cadmium plated Stocked at the main depot; inspected every six months; see maintenance manual.
P-317	Filter, oil, spin-on cartridge Stocked at the main depot; inspected every six months; see maintenance manual.
P-318	Filter, fuel, inline, 10 micron Stocked at the main depot; inspected every six months; see maintenance manual.
P-402	Bracket, mounting, aluminum, left-hand Stocked at the main depot; inspected every six months; see maintenance manual.
P-403	Bracket, mounting, aluminum, right-hand Stocked at the main depot; inspected every six months; see maintenance manual.
P-511	Clamp, hose, worm-drive, 1-1/4 in. Stocked at the main depot; inspected every six months; see maintenance manual.
P-612	Rivet, solid, 1/8 in. dia., aluminum Stocked at the main depot; inspected every six months; see maintenance manual.
