tensor	abs_offset	old_f32_hex	new_f32_hex	old	new	differs
model.layers.0.self_attn.q_proj.weight_scale	1728090	3f9c0000	3f9c0000	1.21875	1.21875	0
model.layers.0.self_attn.k_proj.weight_scale	2137694	3fe60000	3fe60001	1.796875	1.79687512	1
model.layers.0.self_attn.v_proj.weight_scale	2547298	40130000	40130000	2.296875	2.296875	0
model.layers.0.self_attn.o_proj.weight_scale	4185702	3f770000	3f770000	0.96484375	0.96484375	0
model.layers.0.mlp.gate_proj.weight_scale	8609386	3fc70000	3fc70000	1.5546875	1.5546875	0
model.layers.0.mlp.up_proj.weight_scale	13033070	3fea0000	3fe9ffff	1.828125	1.82812488	1
model.layers.0.mlp.down_proj.weight_scale	17456754	400a0000	400a0000	2.15625	2.15625	0
model.layers.1.self_attn.q_proj.weight_scale	19124342	3f560000	3f560000	0.8359375	0.8359375	0
model.layers.1.self_attn.k_proj.weight_scale	19533946	3fac0000	3fac0000	1.34375	1.34375	0
model.layers.1.self_attn.v_proj.weight_scale	19943550	40100000	40100000	2.25	2.25	0
model.layers.1.self_attn.o_proj.weight_scale	21581954	3fce0000	3fce0000	1.609375	1.609375	0
model.layers.1.mlp.gate_proj.weight_scale	26005638	3f4f0000	3f4f0000	0.80859375	0.80859375	0
model.layers.1.mlp.up_proj.weight_scale	30429322	3f3f0000	3f3f0000	0.74609375	0.74609375	0
model.layers.1.mlp.down_proj.weight_scale	34853006	3fa20000	3fa20000	1.265625	1.265625	0
model.layers.2.self_attn.q_proj.weight_scale	36520594	3f7f0000	3f7effff	0.99609375	0.99609369	1
model.layers.2.self_attn.k_proj.weight_scale	36930198	3fbe0000	3fbdffff	1.484375	1.48437488	1
model.layers.2.self_attn.v_proj.weight_scale	37339802	402d0000	402d0000	2.703125	2.703125	0
model.layers.2.self_attn.o_proj.weight_scale	38978206	3ff80000	3ff80000	1.9375	1.9375	0
model.layers.2.mlp.gate_proj.weight_scale	43401890	3f900000	3f900000	1.125	1.125	0
model.layers.2.mlp.up_proj.weight_scale	47825574	3f830000	3f830000	1.0234375	1.0234375	0
model.layers.2.mlp.down_proj.weight_scale	52249258	3fda0000	3fda0001	1.703125	1.70312512	1
model.layers.3.self_attn.q_proj.weight_scale	53916846	3f830000	3f830000	1.0234375	1.0234375	0
model.layers.3.self_attn.k_proj.weight_scale	54326450	3fc50000	3fc50000	1.5390625	1.5390625	0
model.layers.3.self_attn.v_proj.weight_scale	54736054	402c0000	402c0000	2.6875	2.6875	0
model.layers.3.self_attn.o_proj.weight_scale	56374458	3ff30000	3ff30000	1.8984375	1.8984375	0
model.layers.3.mlp.gate_proj.weight_scale	60798142	3fb70000	3fb70000	1.4296875	1.4296875	0
model.layers.3.mlp.up_proj.weight_scale	65221826	3fa20000	3fa20000	1.265625	1.265625	0
model.layers.3.mlp.down_proj.weight_scale	69645510	3ffc0000	3ffbffff	1.96875	1.96874988	1
model.layers.4.self_attn.q_proj.weight_scale	71313098	3f920000	3f920000	1.140625	1.140625	0
model.layers.4.self_attn.k_proj.weight_scale	71722702	3fe80000	3fe80000	1.8125	1.8125	0
model.layers.4.self_attn.v_proj.weight_scale	72132306	40420000	40420000	3.03125	3.03125	0
model.layers.4.self_attn.o_proj.weight_scale	73770710	40090000	40090000	2.140625	2.140625	0
model.layers.4.mlp.gate_proj.weight_scale	78194394	3fd00000	3fcfffff	1.625	1.62499988	1
model.layers.4.mlp.up_proj.weight_scale	82618078	3fbf0000	3fbf0000	1.4921875	1.4921875	0
model.layers.4.mlp.down_proj.weight_scale	87041762	40090000	40090000	2.140625	2.140625	0
model.layers.5.self_attn.q_proj.weight_scale	88709350	3fa50000	3fa50000	1.2890625	1.2890625	0
model.layers.5.self_attn.k_proj.weight_scale	89118954	3ffa0000	3ff9ffff	1.953125	1.95312488	1
model.layers.5.self_attn.v_proj.weight_scale	89528558	404a0000	404a0000	3.15625	3.15625	0
model.layers.5.self_attn.o_proj.weight_scale	91166962	40090000	40090000	2.140625	2.140625	0
model.layers.5.mlp.gate_proj.weight_scale	95590646	3fe00000	3fdfffff	1.75	1.74999988	1
model.layers.5.mlp.up_proj.weight_scale	100014330	3fd20000	3fd1ffff	1.640625	1.64062488	1
model.layers.5.mlp.down_proj.weight_scale	104438014	400b0000	400b0000	2.171875	2.171875	0
model.layers.6.self_attn.q_proj.weight_scale	106105602	3faf0000	3faf0000	1.3671875	1.3671875	0
model.layers.6.self_attn.k_proj.weight_scale	106515206	400b0000	400b0000	2.171875	2.171875	0
model.layers.6.self_attn.v_proj.weight_scale	106924810	405f0000	405effff	3.484375	3.48437476	1
model.layers.6.self_attn.o_proj.weight_scale	108563214	40160000	40160000	2.34375	2.34375	0
model.layers.6.mlp.gate_proj.weight_scale	112986898	3ff00000	3fefffff	1.875	1.87499988	1
model.layers.6.mlp.up_proj.weight_scale	117410582	3fe40000	3fe40000	1.78125	1.78125	0
model.layers.6.mlp.down_proj.weight_scale	121834266	40150000	40150000	2.328125	2.328125	0
model.layers.7.self_attn.q_proj.weight_scale	123501854	3fb60000	3fb60000	1.421875	1.421875	0
model.layers.7.self_attn.k_proj.weight_scale	123911458	40110000	40110000	2.265625	2.265625	0
model.layers.7.self_attn.v_proj.weight_scale	124321062	404f0000	404f0000	3.234375	3.234375	0
model.layers.7.self_attn.o_proj.weight_scale	125959466	40100000	40100000	2.25	2.25	0
model.layers.7.mlp.gate_proj.weight_scale	130383150	3ff60000	3ff60001	1.921875	1.92187512	1
model.layers.7.mlp.up_proj.weight_scale	134806834	3feb0000	3feb0000	1.8359375	1.8359375	0
model.layers.7.mlp.down_proj.weight_scale	139230518	40170000	40170000	2.359375	2.359375	0
model.layers.8.self_attn.q_proj.weight_scale	140898106	3fbc0000	3fbc0000	1.46875	1.46875	0
model.layers.8.self_attn.k_proj.weight_scale	141307710	40120000	40120000	2.28125	2.28125	0
model.layers.8.self_attn.v_proj.weight_scale	141717314	40580000	40580000	3.375	3.375	0
model.layers.8.self_attn.o_proj.weight_scale	143355718	400e0000	400e0000	2.21875	2.21875	0
model.layers.8.mlp.gate_proj.weight_scale	147779402	3ffd0000	3ffcffff	1.9765625	1.97656238	1
model.layers.8.mlp.up_proj.weight_scale	152203086	3ff30000	3ff30000	1.8984375	1.8984375	0
model.layers.8.mlp.down_proj.weight_scale	156626770	40190000	40190000	2.390625	2.390625	0
model.layers.9.self_attn.q_proj.weight_scale	158294358	3fbe0000	3fbdffff	1.484375	1.48437488	1
model.layers.9.self_attn.k_proj.weight_scale	158703962	40160000	40160000	2.34375	2.34375	0
model.layers.9.self_attn.v_proj.weight_scale	159113566	40680000	40680000	3.625	3.625	0
model.layers.9.self_attn.o_proj.weight_scale	160751970	401d0000	401d0000	2.453125	2.453125	0
model.layers.9.mlp.gate_proj.weight_scale	165175654	3fff0000	3ffeffff	1.9921875	1.99218738	1
model.layers.9.mlp.up_proj.weight_scale	169599338	3ff90000	3ff90001	1.9453125	1.94531262	1
model.layers.9.mlp.down_proj.weight_scale	174023022	401a0000	401a0000	2.40625	2.40625	0
model.layers.10.self_attn.q_proj.weight_scale	175690610	3fcd0000	3fcd0000	1.6015625	1.6015625	0
model.layers.10.self_attn.k_proj.weight_scale	176100214	40210000	40210000	2.515625	2.515625	0
model.layers.10.self_attn.v_proj.weight_scale	176509818	40750000	40750001	3.828125	3.82812524	1
model.layers.10.self_attn.o_proj.weight_scale	178148222	40240000	40240000	2.5625	2.5625	0
model.layers.10.mlp.gate_proj.weight_scale	182571906	40010000	40010000	2.015625	2.015625	0
model.layers.10.mlp.up_proj.weight_scale	186995590	40000000	40000000	2	2	0
model.layers.10.mlp.down_proj.weight_scale	191419274	401d0000	401d0000	2.453125	2.453125	0
model.layers.11.self_attn.q_proj.weight_scale	193086862	3fd70000	3fd70000	1.6796875	1.6796875	0
model.layers.11.self_attn.k_proj.weight_scale	193496466	40230000	40230000	2.546875	2.546875	0
model.layers.11.self_attn.v_proj.weight_scale	193906070	407f0000	407effff	3.984375	3.98437476	1
model.layers.11.self_attn.o_proj.weight_scale	195544474	40300000	40300000	2.75	2.75	0
model.layers.11.mlp.gate_proj.weight_scale	199968158	40040000	40040000	2.0625	2.0625	0
model.layers.11.mlp.up_proj.weight_scale	204391842	40050000	40050000	2.078125	2.078125	0
model.layers.11.mlp.down_proj.weight_scale	208815526	401f0000	401f0000	2.484375	2.484375	0
model.layers.12.self_attn.q_proj.weight_scale	210483114	3fec0000	3fec0000	1.84375	1.84375	0
model.layers.12.self_attn.k_proj.weight_scale	210892718	40320000	40320000	2.78125	2.78125	0
model.layers.12.self_attn.v_proj.weight_scale	211302322	407a0000	4079ffff	3.90625	3.90624976	1
model.layers.12.self_attn.o_proj.weight_scale	212940726	40250000	40250000	2.578125	2.578125	0
model.layers.12.mlp.gate_proj.weight_scale	217364410	40060000	40060000	2.09375	2.09375	0
model.layers.12.mlp.up_proj.weight_scale	221788094	40060000	40060000	2.09375	2.09375	0
model.layers.12.mlp.down_proj.weight_scale	226211778	401d0000	401d0000	2.453125	2.453125	0
model.layers.13.self_attn.q_proj.weight_scale	227879366	3fd20000	3fd1ffff	1.640625	1.64062488	1
model.layers.13.self_attn.k_proj.weight_scale	228288970	40210000	40210000	2.515625	2.515625	0
model.layers.13.self_attn.v_proj.weight_scale	228698574	40850000	40850000	4.15625	4.15625	0
model.layers.13.self_attn.o_proj.weight_scale	230336978	40330000	40330000	2.796875	2.796875	0
model.layers.13.mlp.gate_proj.weight_scale	234760662	40070000	40070000	2.109375	2.109375	0
model.layers.13.mlp.up_proj.weight_scale	239184346	40060000	40060000	2.09375	2.09375	0
model.layers.13.mlp.down_proj.weight_scale	243608030	401b0000	401b0000	2.421875	2.421875	0
model.layers.14.self_attn.q_proj.weight_scale	245275618	3ff40000	3ff40001	1.90625	1.90625012	1
model.layers.14.self_attn.k_proj.weight_scale	245685222	40420000	40420000	3.03125	3.03125	0
model.layers.14.self_attn.v_proj.weight_scale	246094826	40870000	40870000	4.21875	4.21875	0
model.layers.14.self_attn.o_proj.weight_scale	247733230	40270000	40270000	2.609375	2.609375	0
model.layers.14.mlp.gate_proj.weight_scale	252156914	400a0000	400a0000	2.15625	2.15625	0
model.layers.14.mlp.up_proj.weight_scale	256580598	40080000	40080000	2.125	2.125	0
model.layers.14.mlp.down_proj.weight_scale	261004282	401e0000	401e0000	2.46875	2.46875	0
model.layers.15.self_attn.q_proj.weight_scale	262671870	3fd70000	3fd70000	1.6796875	1.6796875	0
model.layers.15.self_attn.k_proj.weight_scale	263081474	402e0000	402e0000	2.71875	2.71875	0
model.layers.15.self_attn.v_proj.weight_scale	263491078	40900000	40900000	4.5	4.5	0
model.layers.15.self_attn.o_proj.weight_scale	265129482	40340000	40340000	2.8125	2.8125	0
model.layers.15.mlp.gate_proj.weight_scale	269553166	400b0000	400b0000	2.171875	2.171875	0
model.layers.15.mlp.up_proj.weight_scale	273976850	40080000	40080000	2.125	2.125	0
model.layers.15.mlp.down_proj.weight_scale	278400534	40270000	40270000	2.609375	2.609375	0
model.layers.16.self_attn.q_proj.weight_scale	280068122	40020000	40020000	2.03125	2.03125	0
model.layers.16.self_attn.k_proj.weight_scale	280477726	40440000	40440000	3.0625	3.0625	0
model.layers.16.self_attn.v_proj.weight_scale	280887330	40890000	40890000	4.28125	4.28125	0
model.layers.16.self_attn.o_proj.weight_scale	282525734	40340000	40340000	2.8125	2.8125	0
model.layers.16.mlp.gate_proj.weight_scale	286949418	400e0000	400e0000	2.21875	2.21875	0
model.layers.16.mlp.up_proj.weight_scale	291373102	40090000	40090000	2.140625	2.140625	0
model.layers.16.mlp.down_proj.weight_scale	295796786	40280000	40280000	2.625	2.625	0
model.layers.17.self_attn.q_proj.weight_scale	297464374	3ff70000	3ff70000	1.9296875	1.9296875	0
model.layers.17.self_attn.k_proj.weight_scale	297873978	40420000	40420000	3.03125	3.03125	0
model.layers.17.self_attn.v_proj.weight_scale	298283582	40930000	40930000	4.59375	4.59375	0
model.layers.17.self_attn.o_proj.weight_scale	299921986	40410000	40410000	3.015625	3.015625	0
model.layers.17.mlp.gate_proj.weight_scale	304345670	400f0000	400f0000	2.234375	2.234375	0
model.layers.17.mlp.up_proj.weight_scale	308769354	400b0000	400b0000	2.171875	2.171875	0
model.layers.17.mlp.down_proj.weight_scale	313193038	402c0000	402c0000	2.6875	2.6875	0
model.layers.18.self_attn.q_proj.weight_scale	314860626	3fd60000	3fd60000	1.671875	1.671875	0
model.layers.18.self_attn.k_proj.weight_scale	315270230	40290000	40290000	2.640625	2.640625	0
model.layers.18.self_attn.v_proj.weight_scale	315679834	408b0000	408b0000	4.34375	4.34375	0
model.layers.18.self_attn.o_proj.weight_scale	317318238	402b0000	402b0000	2.671875	2.671875	0
model.layers.18.mlp.gate_proj.weight_scale	321741922	40130000	40130000	2.296875	2.296875	0
model.layers.18.mlp.up_proj.weight_scale	326165606	400b0000	400b0000	2.171875	2.171875	0
model.layers.18.mlp.down_proj.weight_scale	330589290	40310000	40310000	2.765625	2.765625	0
model.layers.19.self_attn.q_proj.weight_scale	332256878	3fd00000	3fcfffff	1.625	1.62499988	1
model.layers.19.self_attn.k_proj.weight_scale	332666482	40220000	40220000	2.53125	2.53125	0
model.layers.19.self_attn.v_proj.weight_scale	333076086	408f0000	408f0000	4.46875	4.46875	0
model.layers.19.self_attn.o_proj.weight_scale	334714490	40360000	40360000	2.84375	2.84375	0
model.layers.19.mlp.gate_proj.weight_scale	339138174	40130000	40130000	2.296875	2.296875	0
model.layers.19.mlp.up_proj.weight_scale	343561858	400b0000	400b0000	2.171875	2.171875	0
model.layers.19.mlp.down_proj.weight_scale	347985542	40320000	40320000	2.78125	2.78125	0
model.layers.20.self_attn.q_proj.weight_scale	349653130	3fec0000	3fec0000	1.84375	1.84375	0
model.layers.20.self_attn.k_proj.weight_scale	350062734	403f0000	403f0000	2.984375	2.984375	0
model.layers.20.self_attn.v_proj.weight_scale	350472338	407d0000	407cffff	3.953125	3.95312476	1
model.layers.20.self_attn.o_proj.weight_scale	352110742	40200000	40200000	2.5	2.5	0
model.layers.20.mlp.gate_proj.weight_scale	356534426	40150000	40150000	2.328125	2.328125	0
model.layers.20.mlp.up_proj.weight_scale	360958110	400b0000	400b0000	2.171875	2.171875	0
model.layers.20.mlp.down_proj.weight_scale	365381794	40370000	40370000	2.859375	2.859375	0
model.layers.21.self_attn.q_proj.weight_scale	367049382	3fd30000	3fd2ffff	1.6484375	1.64843738	1
model.layers.21.self_attn.k_proj.weight_scale	367458986	40310000	40310000	2.765625	2.765625	0
model.layers.21.self_attn.v_proj.weight_scale	367868590	40750000	40750001	3.828125	3.82812524	1
model.layers.21.self_attn.o_proj.weight_scale	369506994	402a0000	402a0000	2.65625	2.65625	0
model.layers.21.mlp.gate_proj.weight_scale	373930678	40160000	40160000	2.34375	2.34375	0
model.layers.21.mlp.up_proj.weight_scale	378354362	400b0000	400b0000	2.171875	2.171875	0
model.layers.21.mlp.down_proj.weight_scale	382778046	40350000	40350000	2.828125	2.828125	0
model.layers.22.self_attn.q_proj.weight_scale	384445634	3fc40000	3fc40000	1.53125	1.53125	0
model.layers.22.self_attn.k_proj.weight_scale	384855238	401d0000	401d0000	2.453125	2.453125	0
model.layers.22.self_attn.v_proj.weight_scale	385264842	407e0000	407e0000	3.96875	3.96875	0
model.layers.22.self_attn.o_proj.weight_scale	386903246	40210000	40210000	2.515625	2.515625	0
model.layers.22.mlp.gate_proj.weight_scale	391326930	40190000	40190000	2.390625	2.390625	0
model.layers.22.mlp.up_proj.weight_scale	395750614	40120000	40120000	2.28125	2.28125	0
model.layers.22.mlp.down_proj.weight_scale	400174298	40380000	40380000	2.875	2.875	0
model.layers.23.self_attn.q_proj.weight_scale	401841886	3fd90000	3fd90000	1.6953125	1.6953125	0
model.layers.23.self_attn.k_proj.weight_scale	402251490	40340000	40340000	2.8125	2.8125	0
model.layers.23.self_attn.v_proj.weight_scale	402661094	406d0000	406d0001	3.703125	3.70312524	1
model.layers.23.self_attn.o_proj.weight_scale	404299498	40240000	40240000	2.5625	2.5625	0
model.layers.23.mlp.gate_proj.weight_scale	408723182	40180000	40180000	2.375	2.375	0
model.layers.23.mlp.up_proj.weight_scale	413146866	40110000	40110000	2.265625	2.265625	0
model.layers.23.mlp.down_proj.weight_scale	417570550	403b0000	403b0000	2.921875	2.921875	0
model.layers.24.self_attn.q_proj.weight_scale	419238138	3fe50000	3fe50000	1.7890625	1.7890625	0
model.layers.24.self_attn.k_proj.weight_scale	419647742	40340000	40340000	2.8125	2.8125	0
model.layers.24.self_attn.v_proj.weight_scale	420057346	40740000	40740001	3.8125	3.81250024	1
model.layers.24.self_attn.o_proj.weight_scale	421695750	40310000	40310000	2.765625	2.765625	0
model.layers.24.mlp.gate_proj.weight_scale	426119434	40170000	40170000	2.359375	2.359375	0
model.layers.24.mlp.up_proj.weight_scale	430543118	400f0000	400f0000	2.234375	2.234375	0
model.layers.24.mlp.down_proj.weight_scale	434966802	403b0000	403b0000	2.921875	2.921875	0
model.layers.25.self_attn.q_proj.weight_scale	436634390	3fbc0000	3fbc0000	1.46875	1.46875	0
model.layers.25.self_attn.k_proj.weight_scale	437043994	40150000	40150000	2.328125	2.328125	0
model.layers.25.self_attn.v_proj.weight_scale	437453598	40570000	40570000	3.359375	3.359375	0
model.layers.25.self_attn.o_proj.weight_scale	439092002	40050000	40050000	2.078125	2.078125	0
model.layers.25.mlp.gate_proj.weight_scale	443515686	401a0000	401a0000	2.40625	2.40625	0
model.layers.25.mlp.up_proj.weight_scale	447939370	40130000	40130000	2.296875	2.296875	0
model.layers.25.mlp.down_proj.weight_scale	452363054	403a0000	403a0000	2.90625	2.90625	0
model.layers.26.self_attn.q_proj.weight_scale	454030642	3fcd0000	3fcd0000	1.6015625	1.6015625	0
model.layers.26.self_attn.k_proj.weight_scale	454440246	401c0000	401c0000	2.4375	2.4375	0
model.layers.26.self_attn.v_proj.weight_scale	454849850	40500000	404fffff	3.25	3.24999976	1
model.layers.26.self_attn.o_proj.weight_scale	456488254	40000000	40000000	2	2	0
model.layers.26.mlp.gate_proj.weight_scale	460911938	401e0000	401e0000	2.46875	2.46875	0
model.layers.26.mlp.up_proj.weight_scale	465335622	40170000	40170000	2.359375	2.359375	0
model.layers.26.mlp.down_proj.weight_scale	469759306	40370000	40370000	2.859375	2.859375	0
model.layers.27.self_attn.q_proj.weight_scale	471426894	3fc70000	3fc70000	1.5546875	1.5546875	0
model.layers.27.self_attn.k_proj.weight_scale	471836498	40230000	40230000	2.546875	2.546875	0
model.layers.27.self_attn.v_proj.weight_scale	472246102	406c0000	406c0000	3.6875	3.6875	0
model.layers.27.self_attn.o_proj.weight_scale	473884506	400f0000	400f0000	2.234375	2.234375	0
model.layers.27.mlp.gate_proj.weight_scale	478308190	40210000	40210000	2.515625	2.515625	0
model.layers.27.mlp.up_proj.weight_scale	482731874	401a0000	401a0000	2.40625	2.40625	0
model.layers.27.mlp.down_proj.weight_scale	487155558	40310000	40310000	2.765625	2.765625	0
model.layers.28.self_attn.q_proj.weight_scale	488823146	3faf0000	3faf0000	1.3671875	1.3671875	0
model.layers.28.self_attn.k_proj.weight_scale	489232750	40040000	40040000	2.0625	2.0625	0
model.layers.28.self_attn.v_proj.weight_scale	489642354	40410000	40410000	3.015625	3.015625	0
model.layers.28.self_attn.o_proj.weight_scale	491280758	3feb0000	3feb0000	1.8359375	1.8359375	0
model.layers.28.mlp.gate_proj.weight_scale	495704442	402b0000	402b0000	2.671875	2.671875	0
model.layers.28.mlp.up_proj.weight_scale	500128126	40210000	40210000	2.515625	2.515625	0
model.layers.28.mlp.down_proj.weight_scale	504551810	40280000	40280000	2.625	2.625	0
model.layers.29.self_attn.q_proj.weight_scale	506219398	3f900000	3f900000	1.125	1.125	0
model.layers.29.self_attn.k_proj.weight_scale	506629002	3fd40000	3fd40000	1.65625	1.65625	0
model.layers.29.self_attn.v_proj.weight_scale	507038606	3fe30000	3fe30001	1.7734375	1.77343762	1
model.layers.29.self_attn.o_proj.weight_scale	508677010	3f740000	3f740001	0.953125	0.95312506	1
model.layers.29.mlp.gate_proj.weight_scale	513100694	40350000	40350000	2.828125	2.828125	0
model.layers.29.mlp.up_proj.weight_scale	517524378	40270000	40270000	2.609375	2.609375	0
model.layers.29.mlp.down_proj.weight_scale	521948062	40120000	40120000	2.28125	2.28125	0
